date,category,published_date,site_name,url,title,summary,content,region,score_ag,keywords,reward_x,rl_score,lgbm_score,reward_y,score_ag_norm,lgbm_score_norm,final_score,strategic_score,lgbm_component,is_top20
2026-04-30,Distribution,2026-04-30 08:00:00,Naver News,https://www.geconomy.co.kr/news/article.html?no=319991,"[G.ECONOMY(지이코노미)] 바이오플러스, 블루엠텍과 손잡고 에스테틱 영업 '디지털 전환' 본격화","지이코노미 양하영 기자 | 국내 메디컬 에스테틱 시장의 유통 패러다임이 인적 네트워크 중심에서 IT 플랫폼 기반의 데이터 영업으로 진화하고 있다. 독자적인 HA(히알루론산) 가교 기술력을 보유한 바이오플러스가 국내 최대 의약품 이커머스 기업과 손을 잡으며 시장 공략 방식에 혁신을 꾀한다. 바이오플러스(099430, 대표이사 정현규)는 의약품 이커머스 플랫폼.","지이코노미 양하영 기자 | 국내 메디컬 에스테틱 시장의 유통 패러다임이 인적 네트워크 중심에서 IT 플랫폼 기반의 데이터 영업으로 진화하고 있다. 독자적인 HA(히알루론산) 가교 기술력을 보유한 바이오플러스가 국내 최대 의약품 이커머스 기업과 손을 잡으며 시장 공략 방식에 혁신을 꾀한다. 바이오플러스(099430, 대표이사 정현규)는 의약품 이커머스 플랫폼",local,10,블루엠텍,,,0.9056585846010083,,1.0,0.9056585846010083,10.803766055324235,13.0,9.339610092207058,True
2026-04-30,BD,2026-04-30 08:22:00,Naver News,http://www.datanews.co.kr/news/article.html?no=144544,"동아에스티, 원가율 상승에도 1분기 수익성 개선…비용 절감 효과",지난해 6월 입센코리아와 공동판매를 시작한 성조숙증·전립선암 치료제 디페렐린도 지난해 163억 원의 신규 매출을 올리며 매출을 크게 확대하고 있다. 올해 1분기엔 95억 원의 매출을 올렸다. 다만 도입 품목은... ,지난해 6월 입센코리아와 공동판매를 시작한 성조숙증·전립선암 치료제 디페렐린도 지난해 163억 원의 신규 매출을 올리며 매출을 크게 확대하고 있다. 올해 1분기엔 95억 원의 매출을 올렸다. 다만 도입 품목은... ,local,10,입센,,,0.8693419703064997,,1.0,0.8693419703064997,10.6512362752873,13.0,9.085393792145497,True
2026-04-30,BD,2026-04-24 06:02:00,Naver News,https://new.dailypharm.com/user/news/337818?REFERER=NP,"[데일리팜]대형제약, 매출 동반 성장…약가개편에 실적 체력 꺾이나","대형 전통제약사들이 자체 생산 제품의 매출이 크게 뛰었다. 제품매출 성장률이 상품매출을 크게 앞서며 탄탄한 실적 체력을 구축했다는 평가다. 한미약품은 매출의 90% 이상을 제품매출로 채우며 선두를 질주했다. 유한양행, 녹십자, 대웅제약, 제일약품 등 자체개발 신약을 내놓은 제약사들의 제품매출 성장세가 두드러졌다. 제약사들은 정부의 제네릭 약가인하로 수익성이 악화하면 상….","대형 전통제약사들이 자체 생산 제품의 매출이 크게 뛰었다. 제품매출 성장률이 상품매출을 크게 앞서며 탄탄한 실적 체력을 구축했다는 평가다. 한미약품은 매출의 90% 이상을 제품매출로 채우며 선두를 질주했다. 유한양행, 녹십자, 대웅제약, 제일약품 등 자체개발 신약을 내놓은 제약사들의 제품매출 성장세가 두드러졌다. 제약사들은 정부의 제네릭 약가인하로 수익성이 악화하면 상…",local,10,코프로모션,,,0.8666144341790404,,1.0,0.8666144341790404,10.63978062355197,13.0,9.066301039253283,True
2026-04-30,Distribution,2026-04-25 06:06:00,Naver News,https://www.medipana.com/news/articleView.html?idxno=410352,의약품유통업체 지난해 부채비율 224.97%…전년과 유사 - 메디파나뉴스,⑤ 부채비율[메디파나뉴스 = 조해진 기자] 지난해 의약품유통업체들의 부채비율이 전년대비 0.47%p 감소하며.,[의약품 유통업체 2025년 경영실적 분석 시리즈] ⑤ 부채비율[메디파나뉴스 = 조해진 기자] 지난해 의약품유통업체들의 부채비율이 전년대비 0.47%p 감소하며,local,10,쥴릭,,,0.8639868187620269,,1.0,0.8639868187620269,10.628744638800512,13.0,9.047907731334188,True
2026-04-30,Zuellig,2026-04-28 09:08:00,Naver News,https://www.koreahealthlog.com/news/articleView.html?idxno=56895,자궁경부암에도 면역항암제·항체약물접합체 효과…두 조합치료도 시도,"국가암검진프로그램과 HPV(고위험인유두종바이러스) 백신의 도입으로 발생률이 점차 낮아지는 국내 TOP3 부인암 '자궁경부암'의 최신 치료에 변화가 일고 있다. 조기 발견돼 수술이 가능한 경우에는 수술 후유증을 줄이기 위해 문제가 될 수 있는 부위만 최소화해 제거하고, 재발·전이 자궁경부암에는 최근 핫한 면역항암제·항체약물접합체 도입이 활발히 이뤄지고 있다는 것이다. 자궁경부암은 현재 병기에 따라 치료법이 나뉜다.","국가암검진프로그램과 HPV(고위험인유두종바이러스) 백신의 도입으로 발생률이 점차 낮아지는 국내 TOP3 부인암 '자궁경부암'의 최신 치료에 변화가 일고 있다. 조기 발견돼 수술이 가능한 경우에는 수술 후유증을 줄이기 위해 문제가 될 수 있는 부위만 최소화해 제거하고, 재발·전이 자궁경부암에는 최근 핫한 면역항암제·항체약물접합체 도입이 활발히 이뤄지고 있다는 것이다. 자궁경부암은 현재 병기에 따라 치료법이 나뉜다. 서울아산병원 산부인과 강옥주 교수는 유튜브 채널 '서울아산병원'에서 암이 자궁에만 있는 '국한 병기'에는 수술을 하고,",local,10,리브타요,,,0.8540138535308626,,1.0,0.8540138535308626,10.586858184829623,13.0,8.978096974716037,True
2026-04-30,BD,2026-05-01 01:20:00,Naver News,https://sateconomy.co.kr/news/view/1065604947286446,"종근당, 1분기 영업익 37%↑… 위고비·신규 품목 효과로 실적 개선",위고비 매출 488억원 반영… ETC 성장세 더해 외형 확대프롤리아·글리아티린 감소에도 신규 도입 품목이 공백 메워배곧 R&D 단지·아첼라 출범… 신약 개발사 전환 속도.,위고비 매출 488억원 반영… ETC 성장세 더해 외형 확대프롤리아·글리아티린 감소에도 신규 도입 품목이 공백 메워배곧 R&D 단지·아첼라 출범… 신약 개발사 전환 속도,local,10,공동판매,,,0.8399849243643827,,1.0,0.8399849243643827,10.527936682330406,13.0,8.879894470550678,True
2026-04-30,Distribution,2026-04-30 09:32:00,Naver News,http://www.edaily.co.kr/news/newspath.asp?newsid=03854006645421368,"바이오플러스, 블루엠텍과 HA필러·스킨부스터 공급 계약","바이오플러스는 블루엠텍과 HA필러, 스킨부스터 공급 계약을 체결했다고 30일 밝혔다. (사진=바이오플러스) 바이오플러스(099430)는 국내 의약품 이커머스 플랫폼 기업 블루엠텍(439580)과 히알루론산(HA) 필러 '하이알듀'(HyalDew)와 스킨부스터 '키아라'...","바이오플러스는 블루엠텍과 HA필러, 스킨부스터 공급 계약을 체결했다고 30일 밝혔다. (사진=바이오플러스) 바이오플러스(099430)는 국내 의약품 이커머스 플랫폼 기업 블루엠텍(439580)과 히알루론산(HA) 필러 '하이알듀'(HyalDew)와 스킨부스터 '키아라'...",local,10,블루엠텍,,,0.8393052240542165,,1.0,0.8393052240542165,10.52508194102771,13.0,8.875136568379515,True
2026-04-30,BD,2026-04-29 17:52:00,Naver News,https://www.newsis.com/view/NISX20260429_0003611981,"MSD ""K바이오와 파트너링 위해 포괄적 데이터 중요""",글로벌제약사 MSD가 국내 바이오 기업들의 글로벌 진출을 지원하면서 ‘오픈 이노베이션 가교’ 역할을 확대하고 있다. 29일 서울 코엑스에서 열린 ‘바이오코리아 2026-한국MSD 오픈이노베이션’ 세션에서 맥마흔 그레이스 한 MSD 퍼시픽 사업개발·라이선싱 헤드는 “MSD의 파트너링 전략은 여전히 과학 중심이라는 점에서 변함이 ..,[서울=뉴시스]황재희 기자 = 글로벌제약사 MSD가 국내 바이오 기업들의 글로벌 진출을 지원하면서 ‘오픈 이노베이션 가교’ 역할을 확대하고 있다. 29일 서울 코엑스에서 열린 ‘바이오코리아 2026-한국MSD 오픈이노베이션’ 세션에서 맥마흔 그레이스 한 MSD 퍼시픽 사업개발·라이선싱 헤드는 “MSD의 파트너링 전략은 여전히 과학 중심이라는 점에서 변함이 ..,local,10,코프로모션,,,0.8371541947892857,,1.0,0.8371541947892857,10.516047618115,13.0,8.860079363525,True
2026-04-30,Distribution,2026-04-30 10:50:00,Naver News,https://www.sedaily.com/article/20039007?ref=naver,"지오영, 가정의달 맞아 4억 8000만 원 규모 의약품 기부",접근이 거부되었습니다 관리자에게 문의하세요 Email : 홈으로 돌아가기.,"403
접근이 거부되었습니다
관리자에게 문의하세요
Email : sscinfra@ssc.co.kr
홈으로 돌아가기",local,10,지오영,,,0.8714229133809746,,1.0,0.8714229133809746,10.259976236200092,12.0,9.099960393666821,False
2026-04-30,BD,2026-05-01 06:06:00,Naver News,https://www.wolyo.co.kr/news/articleView.html?idxno=311585,"휴온스엔 ""100% 종속회사 바이오로제트 흡수합병"" - 월요신문",휴온스엔이 건기식 제조 전문 기업 바이오로제트를 흡수합병하는 계약을 체결했다. 이번 합병은 별도의 신주 발행이 없는 무증자 방식의 소규모 합병으로 진행된다.,휴온스엔이 건기식 제조 전문 기업 바이오로제트를 흡수합병하는 계약을 체결했다. 이번 합병은 별도의 신주 발행이 없는 무증자 방식의 소규모 합병으로 진행된다. 최근,local,10,인수,,,0.8374954431448853,,1.0,0.8374954431448853,10.117480861208518,12.0,8.862468102014196,True
2026-04-30,Client,2026-04-29 17:22:00,Naver News,https://www.businesspost.co.kr/BP?command=article_view&num=436838,"종근당 1분기 영업이익 176억 36.9% 증가, 신규 도입 품목 확대 전략 주...","노보노디스크 비만치료제인 '위고비'가 1분기 매출 488억 원, 황반변성 치료제 아일리아가 1분기 매출 29억 원을 낸 것으로 집계됐다. 매출원가율은 도입 품목 비중 확대 영향으로 72.4%로 2025년 1분기와 비교해 3.0... ","노보노디스크 비만치료제인 '위고비'가 1분기 매출 488억 원, 황반변성 치료제 아일리아가 1분기 매출 29억 원을 낸 것으로 집계됐다. 매출원가율은 도입 품목 비중 확대 영향으로 72.4%로 2025년 1분기와 비교해 3.0... ",local,10,노보노디스크,,,0.9070478671152753,,1.0,0.9070478671152753,9.609601041884154,10.0,9.349335069806926,True
2026-04-30,BD,2026-04-30 06:00:00,Naver News,https://www.pharmnews.com/news/articleView.html?idxno=303189,약가인하와 CSO 4.0 시대...리베이트 온상 오명 벗을 해법은 - 팜뉴스,"최근 일괄약가인하 논의가 제약사 수익성 문제를 넘어 CSO(Contract Sales Organization, 의약품 판촉영업자) 영업 구.","[팜뉴스=김민건 기자] 최근 일괄약가인하 논의가 제약사 수익성 문제를 넘어 CSO(Contract Sales Organization, 의약품 판촉영업자) 영업 구",local,10,CSO,,,0.9059338171663515,,1.0,0.9059338171663515,9.604922032098674,10.0,9.34153672016446,True
2026-04-30,BD,2026-04-30 16:16:00,Naver News,http://www.fnnews.com/news/202604301611058157,"한미약품 1Q 매출 4000억 육박 ""R&D로 성장동력 강화""","베링거인겔하임, 한국페링제약 등과의 파트너십을 통해 제품 포트폴리오를 강화하고, 기존 제품과의 시너지 창출에 집중하고 있다. 황상연 한미약품 대표는 ""R&D 중심 혁신을 기반으로 글로벌 경쟁력을 지속적으로... ","베링거인겔하임, 한국페링제약 등과의 파트너십을 통해 제품 포트폴리오를 강화하고, 기존 제품과의 시너지 창출에 집중하고 있다. 황상연 한미약품 대표는 ""R&D 중심 혁신을 기반으로 글로벌 경쟁력을 지속적으로... ",local,10,베링거인겔하임,,,0.9052069493300811,,1.0,0.9052069493300811,9.601869187186342,10.0,9.336448645310568,True
2026-04-30,Client,2026-04-30 10:56:00,Naver News,https://www.medicopharma.co.kr/news/articleView.html?idxno=67958,유방암 맞춤 치료 가로막는 '이중 장벽'… 검사비 오르고 급여는 제자리,"다양한 암종에서 바이오마커 기반 치료 접근의 중요성이 커지고 있다. 특히 유방암 영역에서는 특정한 단백질이나 변이를 표적하는 치료 옵션이 다수 등장하면서, 개개인 환자 특성을 반영한 치료 전략이 강조되는 흐름이다.다만 이러한 치료 옵션들 대부분이 고가의.","[메디코파마뉴스=이호빈 기자] 다양한 암종에서 바이오마커 기반 치료 접근의 중요성이 커지고 있다. 특히 유방암 영역에서는 특정한 단백질이나 변이를 표적하는 치료 옵션이 다수 등장하면서, 개개인 환자 특성을 반영한 치료 전략이 강조되는 흐름이다.다만 이러한 치료 옵션들 대부분이 고가의",local,10,화이자,,,0.9046945002358449,,1.0,0.9046945002358449,9.599716900990547,10.0,9.332861501650914,True
2026-04-30,BD,2026-04-30 18:46:00,Naver News,http://www.ikpnews.net/news/articleView.html?idxno=70327,고병원성 AI 백신 도입 ‘도마 위’,"겨울철마다 반복되는 고병원성 조류인플루엔자(AI)가 ‘상시화’ 단계에 접어들며 농가 피해가 극에 달하자, 살처분 위주의 현행 방역 체계를 넘어 ‘백신 도입’을 본격화해야 한다는 목소리가 커지고 있다.송옥주 의원과 산란계 농장 ‘산안마을’, 대한산란계협회가 공.","[한국농정신문 유승현 기자]겨울철마다 반복되는 고병원성 조류인플루엔자(AI)가 ‘상시화’ 단계에 접어들며 농가 피해가 극에 달하자, 살처분 위주의 현행 방역 체계를 넘어 ‘백신 도입’을 본격화해야 한다는 목소리가 커지고 있다.송옥주 의원과 산란계 농장 ‘산안마을’, 대한산란계협회가 공",local,10,백신,,,0.8979748966351877,,1.0,0.8979748966351877,9.571494565867788,10.0,9.285824276446313,True
2026-04-30,Distribution,2026-04-29 14:04:00,Naver News,https://www.rapportian.com/news/articleView.html?idxno=235374,"보이러, 바로팜 입점…약국 채널 공략 본격화","헬스케어 브랜드 '보이러'(Beurer)가 국내 약사 전용 온라인 플랫폼 '바로팜'에 공식 입점하며 한국 시장 공략에 나선다.입점 제품은 팔뚝형 혈압계 'BM28',.","[라포르시안] 헬스케어 브랜드 '보이러'(Beurer)가 국내 약사 전용 온라인 플랫폼 '바로팜'에 공식 입점하며 한국 시장 공략에 나선다.입점 제품은 팔뚝형 혈압계 'BM28',",local,10,바로팜,,,0.8974323489708194,,1.0,0.8974323489708194,9.569215865677442,10.0,9.282026442795736,False
2026-04-30,Distribution,2026-04-30 17:26:00,Naver News,https://www.newsquest.co.kr/news/articleView.html?idxno=265690,"HK이노엔, 전문의약품으로 돈 벌어서…컨디션·헛개수 등 H&B 부진 메워","올해 1분기 주요 전문의약품(ETC)의 성장을 바탕으로 매출·영업이익이 모두 상승한 HK이노엔이 H&B(헬스&뷰티) 부문에서는 경쟁률 심화에 고민을 안고 있다.전문의약품 부문에서는 매출과 영업이익이 각각 전년 동기 대비 5.8%, 40.4% 상승했지만, H&B 부문에서는 -8.4%, -94.2% 감소하면서 상반된 결과를 보였기 때문이다.30일 HK이노엔에 따르면 전문의약품 부문의 주요 제품은 국내 30호 신약 케이캡을 필두로 로바젯, 아킨지오 등을 보유한 상태다. 또 H&B 부문의 주요 제품은 컨디션, 헛개.","【뉴스퀘스트=김민수 기자】올해 1분기 주요 전문의약품(ETC)의 성장을 바탕으로 매출·영업이익이 모두 상승한 HK이노엔이 H&B(헬스&뷰티) 부문에서는 경쟁률 심화에 고민을 안고 있다.전문의약품 부문에서는 매출과 영업이익이 각각 전년 동기 대비 5.8%, 40.4% 상승했지만, H&B 부문에서는 -8.4%, -94.2% 감소하면서 상반된 결과를 보였기 때문이다.30일 HK이노엔에 따르면 전문의약품 부문의 주요 제품은 국내 30호 신약 케이캡을 필두로 로바젯, 아킨지오 등을 보유한 상태다. 또 H&B 부문의 주요 제품은 컨디션, 헛개",local,10,CJ,,,0.886051715727761,,1.0,0.886051715727761,9.521417206056595,10.0,9.202362010094326,False
2026-04-30,BD,2026-04-30 05:30:00,Naver News,https://www.medicaltimes.com/Main/News/NewsView.html?ID=1168508&ref=naverpc,[메디칼타임즈] CSO업계 사단법인 드라이브 행보에 정부·제약업계 글쎄,"한국의약품판촉영업자협회(전 한국CSO협회)가 정부에 사단법인 설립을 거듭 건의하며 제도 정비 논의에 드라이브를 걸고 나섰지만 일선 제약사 등 업계 반응은 씁쓸한 표정이다.CSO업계는 지난 29일 국회의원회관 제10간담회의실에서 열린 '공정·투명한 의약품 유통질서 확립과 제약산업 발전을 위한 의약품판촉영업자(CSO) 산업 육성 정책토론회'를 개최했다.이날 토론회는 더불어민주당 서미화·김남희 의원이 공동주최로 법무법인 수오재 오관후 변호사와 법무법인 세승 상임고문 겸 전문병원협회 이창준 정책부회장이 발제를 맡았다.두 발제자가 단·중·장기 로드맵까지 제시하는 등 CSO 관련 제도 청사진을 상세히 그렸지만, 제약업계 관계자는.","[메디칼타임즈=이지현 기자] 한국의약품판촉영업자협회(전 한국CSO협회)가 정부에 사단법인 설립을 거듭 건의하며 제도 정비 논의에 드라이브를 걸고 나섰지만 일선 제약사 등 업계 반응은 씁쓸한 표정이다.CSO업계는 지난 29일 국회의원회관 제10간담회의실에서 열린 '공정·투명한 의약품 유통질서 확립과 제약산업 발전을 위한 의약품판촉영업자(CSO) 산업 육성 정책토론회'를 개최했다.이날 토론회는 더불어민주당 서미화·김남희 의원이 공동주최로 법무법인 수오재 오관후 변호사와 법무법인 세승 상임고문 겸 전문병원협회 이창준 정책부회장이 발제를 맡았다.두 발제자가 단·중·장기 로드맵까지 제시하는 등 CSO 관련 제도 청사진을 상세히 그렸지만, 제약업계 관계자는",local,10,CSO,,,0.8750542616952048,,1.0,0.8750542616952048,9.475227899119858,10.0,9.125379831866432,False
2026-04-30,Client,2026-04-29 16:01:00,Naver News,https://www.seoulfn.com/news/articleView.html?idxno=627682,[신상품] 동아제약 '오쏘몰 이뮨 ODP' 외 - 서울파이낸스,동아제약은 물 없이 섭취 가능한 구강용해 파우더형 멀티비타민 '오쏘몰 이뮨ODP'를 출시했다고 29일 밝혔다.18종 기능성 성분과 기.,[서울파이낸스 권서현 기자] 동아제약은 물 없이 섭취 가능한 구강용해 파우더형 멀티비타민 '오쏘몰 이뮨ODP'를 출시했다고 29일 밝혔다.18종 기능성 성분과 기,local,10,현대약품,,,0.867731143153517,,1.0,0.867731143153517,9.444470801244771,10.0,9.074118002074618,True
2026-04-30,BD,2026-04-30 06:02:00,Naver News,https://www.dailypharm.com/user/news/338026?REFERER=NP,[데일리팜]인다파미드 함유 고혈압 복합제 시대 개막…안국·대화 선점,"이뇨제 성분인 ‘인다파미드’를 활용한 고혈압 복합제 시장이 열렸다. 안국약품과 대화제약이 공동 개발한 3제 복합제가 최근 식약처 허가를 획득하며 시장 선점을 위한 신호탄을 쏘아 올렸다. 29일 제약업계에 따르면 안국약품과 대화제약은 각각 28일과 29일 에스암로디핀, 발사르탄, 인다파미드 성분을 결합한 고혈압 3제 복합제의 품목허가를 완료했다. 안국약품이 지난 2017년 과제명….","이뇨제 성분인 ‘인다파미드’를 활용한 고혈압 복합제 시장이 열렸다. 안국약품과 대화제약이 공동 개발한 3제 복합제가 최근 식약처 허가를 획득하며 시장 선점을 위한 신호탄을 쏘아 올렸다. 29일 제약업계에 따르면 안국약품과 대화제약은 각각 28일과 29일 에스암로디핀, 발사르탄, 인다파미드 성분을 결합한 고혈압 3제 복합제의 품목허가를 완료했다. 안국약품이 지난 2017년 과제명…",local,10,판권,,,0.8602662347184613,,1.0,0.8602662347184613,9.413118185817536,10.0,9.021863643029228,False
2026-04-30,BD,2026-04-30 21:20:00,Naver News,https://www.getnews.co.kr/news/articleView.html?idxno=869181,"[제약소식]대웅제약·프리마인드, 美 바이오텍 제너럴 프록시미티에 투자 外 비티젠·휴온스엔",대웅제약은 프리마인드 그룹 산하 벤처캐피털 펀드 프리마인드 인베스트먼트(FMI)와 함께 미국 바이오테크 기업 제너럴 프록시미티에 전략적 투자를 단행했다고 30일.,대웅제약은 프리마인드 그룹 산하 벤처캐피털 펀드 프리마인드 인베스트먼트(FMI)와 함께 미국 바이오테크 기업 제너럴 프록시미티에 전략적 투자를 단행했다고 30일,local,10,파트너십,,,0.8572431036670838,,1.0,0.8572431036670838,9.400421035401752,10.0,9.000701725669586,False
2026-04-30,BD,2026-04-30 07:02:00,Naver News,https://www.thebell.co.kr/free/content/ArticleView.asp?key=202604280734147140102393,"[더벨][thebell Forum | 2026 제약·바이오 포럼] 하이라이트캐피탈 ""중국...","허 부사장은 ""이미 에이비엘바이오의 GSK 파트너십이나 리가켐바이오와 J&J의 계약 등 여러 건의 거래가 총액 10억달러를 넘었다""며 ""한국 바이오텍이 글로벌 시장에서 신뢰받는 자산 공급처임을 증명했다""고 말했다. 두... ","허 부사장은 ""이미 에이비엘바이오의 GSK 파트너십이나 리가켐바이오와 J&J의 계약 등 여러 건의 거래가 총액 10억달러를 넘었다""며 ""한국 바이오텍이 글로벌 시장에서 신뢰받는 자산 공급처임을 증명했다""고 말했다. 두... ",local,10,GSK,,,0.8466620529770537,,1.0,0.8466620529770537,9.355980622503626,10.0,8.926634370839377,False
2026-04-30,BD,2026-04-27 12:30:00,Naver News,http://www.medisobizanews.com/news/articleView.html?idxno=137645,의약품 유통질서 ‘군기잡기’ … 제약업계 불법 CSO 근절 나섰다,제약업계가 정부의 약가 제도 개편에 대응해 '불법적 의약품 판촉영업자(CSO) 근절'을 통한 유통 시장 정화에 박차를 가하고 있다. 리베이트 우회 통로로 지목되어 온 CSO의 난맥상을 스스로 바로잡아 산업 발전의 토대를 마련하겠다는 의지로 풀이된다.지난 2024년 10월 18일부터 CSO 신고제와 교육 의무화가 본격 시행됨에 따라 CSO는 정부의 관리 체계 안으로 정식 편입됐다. 그동안 CSO는 불법 영업의 우회 수단으로 활용된다는 비판을 꾸준히 받아왔으나 이번 제도화를 통해 본격적인 관리 업종으로 전환된 것이다.제약업계는 지난 3.,제약업계가 정부의 약가 제도 개편에 대응해 '불법적 의약품 판촉영업자(CSO) 근절'을 통한 유통 시장 정화에 박차를 가하고 있다. 리베이트 우회 통로로 지목되어 온 CSO의 난맥상을 스스로 바로잡아 산업 발전의 토대를 마련하겠다는 의지로 풀이된다.지난 2024년 10월 18일부터 CSO 신고제와 교육 의무화가 본격 시행됨에 따라 CSO는 정부의 관리 체계 안으로 정식 편입됐다. 그동안 CSO는 불법 영업의 우회 수단으로 활용된다는 비판을 꾸준히 받아왔으나 이번 제도화를 통해 본격적인 관리 업종으로 전환된 것이다.제약업계는 지난 3,local,10,판촉영업자,,,0.843529663089553,,1.0,0.843529663089553,9.342824584976121,10.0,8.904707641626871,False
2026-04-30,Distribution,2026-04-30 07:02:00,Naver News,https://www.thebell.co.kr/free/content/ArticleView.asp?key=202604280934398000109310,[더벨]하나증권 IPO본부 기지개…상장 주관 업무 재가동,"당시 하나증권은 지아이이노베이션을 비롯해 오픈놀, 이노시뮬레이션, 넥스틸, 에스엘에스바이오, 에이텀, 블루엠텍 등 7개 기업의 직상장을 주관했다. 이와 함께 우듬지팜, 팸텍 등 2건의 스팩 합병 상장을... ","당시 하나증권은 지아이이노베이션을 비롯해 오픈놀, 이노시뮬레이션, 넥스틸, 에스엘에스바이오, 에이텀, 블루엠텍 등 7개 기업의 직상장을 주관했다. 이와 함께 우듬지팜, 팸텍 등 2건의 스팩 합병 상장을... ",local,10,블루엠텍,,,0.8418761261644944,,1.0,0.8418761261644944,9.335879729890875,10.0,8.893132883151459,False
2026-04-30,BD,2026-04-30 22:20:00,Naver News,http://www.hemophilia.co.kr/news/articleView.html?idxno=41921,"""혈우병 환자의 한계 없는 삶을 향해""… 화이자, 혁신 치료제와 글로벌 협업으로 미래를 그리다 - 헤모필리아라이프","전 세계 혈우병 공동체의 최대 축제이자 정보 교류의 장인 ‘2026 WFH 세계총회’가 막을 내렸다. 올해 총회는 단순한 과학적 성과를 넘어, 환자들과의 협력에.","전 세계 혈우병 공동체의 최대 축제이자 정보 교류의 장인 ‘2026 WFH 세계총회’가 막을 내렸다. 올해 총회는 단순한 과학적 성과를 넘어, 환자들과의 협력에",local,10,파트너십,,,0.8410674777920735,,1.0,0.8410674777920735,9.332483406726707,10.0,8.887472344544513,False
2026-04-30,BD,2026-04-30 14:12:00,Naver News,https://www.koreahealthlog.com/news/articleView.html?idxno=56977,콜드체인 필요 없는 나노다공성 기반 바이오의약품 전달 플랫폼 개발,"한국과학기술연구원(KIST) 생체재료연구센터 이효진 박사 연구팀은 코로나19 팬데믹 당시 콜드체인, 즉 냉장·냉동 유통망이 닿지 않아 피해를 봤던 한계를 해결할 수 있는 나노다공성 기반 바이오의약품 전달 플랫폼을 개발했다고 밝혔다.기존 바이오의약품은 영하 수십 도의 콜드체인 없이는 구조가 무너져 상온에 노출되는 순간 단백질이 변성되고 유전자 편집 기능이 사라진다. 동결건조 기술이 있지만 이 과정 자체에서 생체분자 구조가 변형돼 기능이 크게 떨어지는 문제가 지속됐다. 연구팀은 기존의 접근 방식을 뒤집었다.","한국과학기술연구원(KIST) 생체재료연구센터 이효진 박사 연구팀은 코로나19 팬데믹 당시 콜드체인, 즉 냉장·냉동 유통망이 닿지 않아 피해를 봤던 한계를 해결할 수 있는 나노다공성 기반 바이오의약품 전달 플랫폼을 개발했다고 밝혔다.기존 바이오의약품은 영하 수십 도의 콜드체인 없이는 구조가 무너져 상온에 노출되는 순간 단백질이 변성되고 유전자 편집 기능이 사라진다. 동결건조 기술이 있지만 이 과정 자체에서 생체분자 구조가 변형돼 기능이 크게 떨어지는 문제가 지속됐다. 연구팀은 기존의 접근 방식을 뒤집었다. 동결건조 과정에서 분자 구조",local,10,콜드체인,,,0.8410647143718467,,1.0,0.8410647143718467,9.332471800361755,10.0,8.887453000602926,False
2026-04-30,BD,2026-04-30 21:14:00,Naver News,https://www.geconomy.co.kr/news/article.html?no=320034,"[G.ECONOMY(지이코노미)] HLB제넥스, 친환경 효소로 만드는 ‘K-뷰티’…코스맥스와 신소재 개발 맞손","지이코노미 양하영 기자 | 화학 합성을 대체하는 친환경 ‘효소(Enzyme)’ 기술이 차세대 뷰티 소재의 핵심으로 떠오르고 있다. 국내 산업용 효소 전문기업과 글로벌 화장품 제조 기업이 손을 잡으면서, 더욱 안전하고 효능이 뛰어난 바이오 화장품 출시가 가속화될 전망이다. HLB제넥스는 지난 29일 경기도 성남시 코스맥스비티아이에서 코스맥스그룹과 ‘엔자임 적.","지이코노미 양하영 기자 | 화학 합성을 대체하는 친환경 ‘효소(Enzyme)’ 기술이 차세대 뷰티 소재의 핵심으로 떠오르고 있다. 국내 산업용 효소 전문기업과 글로벌 화장품 제조 기업이 손을 잡으면서, 더욱 안전하고 효능이 뛰어난 바이오 화장품 출시가 가속화될 전망이다. HLB제넥스는 지난 29일 경기도 성남시 코스맥스비티아이에서 코스맥스그룹과 ‘엔자임 적",local,10,제형,,,0.8401679824074403,,1.0,0.8401679824074403,9.32870552611125,10.0,8.881175876852081,False
2026-04-30,Client,2026-04-30 16:20:00,Naver News,https://www.pointdaily.co.kr/news/articleView.html?idxno=303588,"삼성바이오로직스, 'C랩 아웃사이드' 운영 로드맵 공개…릴리와 협력 추진",삼성바이오로직스가 2027년 7월 설립 예정인 삼성바이오로직스의 오픈 이노베이션 센터 'C랩 아웃사이드'의 운영 로드맵을 전격 공개했다. 삼성바이오로직스는 30일 코엑스에서 열린 '바이오 코리아 2026'에서 '삼성바이오로직스 & 릴리게이트웨이랩스: 바이오텍 육성을 위한 전략적 파트너십' 발표를 통해 C랩 아웃사이드의 구체적 운영 방안을 발표했다. C랩 아웃사이드는 인천 송도국제도시 삼성바이오로직스 제2바이오캠퍼스에 준공 중이다.,"[포인트데일리 송가영 기자] 삼성바이오로직스가 2027년 7월 설립 예정인 삼성바이오로직스의 오픈 이노베이션 센터 'C랩 아웃사이드'의 운영 로드맵을 전격 공개했다. 삼성바이오로직스는 30일 코엑스에서 열린 '바이오 코리아 2026'에서 '삼성바이오로직스 & 릴리게이트웨이랩스: 바이오텍 육성을 위한 전략적 파트너십' 발표를 통해 C랩 아웃사이드의 구체적 운영 방안을 발표했다. C랩 아웃사이드는 인천 송도국제도시 삼성바이오로직스 제2바이오캠퍼스에 준공 중이다. 규모는 지상 5층, 약 3500평 규모로 사무시설과 연구시설을 비롯해 미팅",local,10,릴리,,,0.8382723736467204,,1.0,0.8382723736467204,9.320743969316226,10.0,8.867906615527042,True
2026-04-30,BD,2026-05-01 01:46:00,Naver News,https://sports.khan.co.kr/article/202605010145003?pt=nv,"제약바이오 업계, 차세대 스타트업 투자·육성 본격화",바이오 산업이 기술력과 성장 잠재력을 갖춘 주요 투자처로 부상중이다. 제약·바이오 업계가 차세대 스타트업 발굴 및 육성을 위한 활동을 전방위로 확대하고 있다. 기술력과 성장 잠재력을 갖춘 K 바이오 스타트업들이...,바이오 산업이 기술력과 성장 잠재력을 갖춘 주요 투자처로 부상중이다. 제약·바이오 업계가 차세대 스타트업 발굴 및 육성을 위한 활동을 전방위로 확대하고 있다. 기술력과 성장 잠재력을 갖춘 K 바이오 스타트업들이...,local,10,파트너십,,,0.8380497344442397,,1.0,0.8380497344442397,9.319808884665807,10.0,8.866348141109677,False
2026-04-30,BD,2026-04-30 10:48:00,Naver News,http://www.bizwnews.com/news/articleView.html?idxno=135487,"[헬스 HOT 뉴스] 대웅제약, 美 바이오테크 투자…""차세대 신약 기술 확보 추진""",대웅제약이 글로벌 유망 바이오테크에 대한 전략적 투자를 단행하며 혁신 신약 개발을 위한 글로벌 협력 네트워크 외연 확장에 나섰다.차세대 플랫폼 기술을 보유한 기업과 긴밀한 파트너십을 구축해 미래 성장 동력을 선제적으로 확보하겠다는 구상으로 풀이된다.대웅제약은 이번 투자를 기점으로 유망 바이오 기업에 대한 전략적 투자를 계속 확대해 나간다는 방침이다. 30일 대웅제약은 프리마인드 그룹이 설립한 벤처캐피털 펀드 프리마인드 인베스트먼트.,[비즈월드] 대웅제약이 글로벌 유망 바이오테크에 대한 전략적 투자를 단행하며 혁신 신약 개발을 위한 글로벌 협력 네트워크 외연 확장에 나섰다.차세대 플랫폼 기술을 보유한 기업과 긴밀한 파트너십을 구축해 미래 성장 동력을 선제적으로 확보하겠다는 구상으로 풀이된다.대웅제약은 이번 투자를 기점으로 유망 바이오 기업에 대한 전략적 투자를 계속 확대해 나간다는 방침이다. 30일 대웅제약은 프리마인드 그룹이 설립한 벤처캐피털 펀드 프리마인드 인베스트먼트(이하 FMI)와 미국 바이오테크 기업 ‘제너럴 프록시미티(General Proximity),local,10,다이이찌산쿄,,,0.8373563835387331,,1.0,0.8373563835387331,9.316896810862678,10.0,8.861494684771131,False
2026-04-30,BD,2026-04-29 17:58:00,Naver News,https://www.tokenpost.kr/news/market/354604,"에보텍, 빅파마 협업·바이오의약품 확장…조직 효율화까지 ‘사업 구조’ 바뀐다 - TokenPost","에보텍(Evotec, NASDAQ: EVO)은 신약 발굴과 개발에 특화된 생명과학 기업으로, 최근 뉴스 흐름은 ‘전략적 파트너십’, ‘바이오의약품 사업’, ‘조직 효율화’에 집중되고 있다. 단순한 개별 발표보다, 여러 사업 축이 동시에 진전되고 있다는...","에보텍(Evotec, NASDAQ: EVO)은 신약 발굴과 개발에 특화된 생명과학 기업으로, 최근 뉴스 흐름은 ‘전략적 파트너십’, ‘바이오의약품 사업’, ‘조직 효율화’에 집중되고 있다. 단순한 개별 발표보다, 여러 사업 축이 동시에 진전되고 있다는...",local,10,바이엘,,,0.835993736571191,,1.0,0.835993736571191,9.311173693599002,10.0,8.851956155998337,False
2026-04-30,BD,2026-04-30 17:12:00,Naver News,https://www.smarttoday.co.kr/ko-kr/articles/107166,[바이오 디코드] 바이오젠 1분기 EPS 18% 상승…아펠리스 인수로 레벨업...,희귀질환·신장 질환 중심 파이프라인 재편 기업 인수 외에도 글로벌 판권 라이선싱을 통한 거점 확장 전략을 병행 중이다. 바이오젠은 TJ 바이오파마(TJ Biopharma)와 펠잘타맙(felzartamab)의 중화권 독점 권리를... ,희귀질환·신장 질환 중심 파이프라인 재편 기업 인수 외에도 글로벌 판권 라이선싱을 통한 거점 확장 전략을 병행 중이다. 바이오젠은 TJ 바이오파마(TJ Biopharma)와 펠잘타맙(felzartamab)의 중화권 독점 권리를... ,local,10,판권,,,0.8354296058147437,,1.0,0.8354296058147437,9.308804344421922,10.0,8.848007240703206,False
2026-04-30,Client,2026-04-30 00:01:00,Naver News,https://news.tf.co.kr/read/economy/2318404.htm,제약바이오 1분기 실적 희비…셀트리온·GC녹십자 고성장 기대 - 경제 | 기사 - 더팩트,"셀트리온 바이오시밀러· GC녹십자 신약 효과전통 제약사, 마일스톤 이연·유통 재편 변수올해 1분기 국내 주요 제약바이오 기업들은 전년 동기 대비 외형 성장을 이룰 것으로 ..","셀트리온 바이오시밀러· GC녹십자 신약 효과전통 제약사, 마일스톤 이연·유통 재편 변수올해 1분기 국내 주요 제약바이오 기업들은 전년 동기 대비 외형 성장을 이룰 것으로 ..",local,10,마운자로,,,0.8353785004366051,,1.0,0.8353785004366051,9.308589701833741,10.0,8.847649503056235,False
2026-04-30,Client,2026-05-01 06:53:00,Naver News,https://biz.chosun.com/science-chosun/bio/2026/05/01/CRERBL5J4RAIHEBBGRCWQQB7RA/?utm_source=naver&utm_medium=original&utm_campaign=biz,삼성·셀트리온 빠진 ‘국내 최대 바이오 행사’?…바이오코리아 위상 흔들,삼성·셀트리온 빠진 국내 최대 바이오 행사바이오코리아 위상 흔들 전시 부스 429개→364개로 감소참가 기업 규모 축소 뚜렷   보건산업원 주최 ...보건복지부 장·차관 현장 안찾아  오픈이노베이션 성격 짙어실질 협력 파트너 연결 한계   정부·지자체 중심 구조 속 행사 정체성 재점검 필요.,삼성·셀트리온 빠진 국내 최대 바이오 행사바이오코리아 위상 흔들 전시 부스 429개→364개로 감소참가 기업 규모 축소 뚜렷   보건산업원 주최 ...보건복지부 장·차관 현장 안찾아  오픈이노베이션 성격 짙어실질 협력 파트너 연결 한계   정부·지자체 중심 구조 속 행사 정체성 재점검 필요,local,10,신약,,,0.8342892831286232,,1.0,0.8342892831286232,9.304014989140217,10.0,8.840024981900362,True
2026-04-30,Client,2026-04-30 08:36:00,Naver News,https://www.koreahealthlog.com/news/articleView.html?idxno=56960,급증한 '다발골수종' 예후 바꿀 ADC 신약 '브렌랩' 출시…급여 '관건',"현재의 치료 기술로 완치가 불가능한데다 지난 20년간 국내 발병률이 3배 이상 증가한 혈액암 '다발골수종'의 예후를 바꿀 신약이 이달 출시됐다. 다발골수종 세포에 특이적으로 많이 발현되는 B세포항원(BCMA)을 표적한 항체약물접합체(Antibody-Drug Conjugate, ADC)인 브렌랩(성분명 벨란타맙 마포도틴)을 국내 다발골수종 환자들이 2차 치료제로 쓸 수 있는 상황이 마련된 것이다. 문제는 고가 신약 '브렌랩'에 대한 치료 접근성이다.","현재의 치료 기술로 완치가 불가능한데다 지난 20년간 국내 발병률이 3배 이상 증가한 혈액암 '다발골수종'의 예후를 바꿀 신약이 이달 출시됐다. 다발골수종 세포에 특이적으로 많이 발현되는 B세포항원(BCMA)을 표적한 항체약물접합체(Antibody-Drug Conjugate, ADC)인 브렌랩(성분명 벨란타맙 마포도틴)을 국내 다발골수종 환자들이 2차 치료제로 쓸 수 있는 상황이 마련된 것이다. 문제는 고가 신약 '브렌랩'에 대한 치료 접근성이다. 세브란스병원 혈액내과 김진석 교수(대한혈액학회 다발골수종연구회 위원장)는 지난 29일",local,10,GSK,,,0.8195282280838897,,1.0,0.8195282280838897,9.242018557952335,10.0,8.736697596587227,True
2026-04-30,BD,2026-04-29 15:02:00,Naver News,https://www.hankookilbo.com/news/article/A2026042913300004888?did=NA,냉장고 없이 바이오의약품 유통... 다음 팬데믹 땐 백신 사각지대 사라지나-경제ㅣ한국일보,한국과학기술연구원이 개발한 바이오의약품 전달 플랫폼은 냉장 보관 없이 상온 보관이 가능해 콜드체인 없이도 의약품의 안정성과 효능을 유지하며 의료 취약 지역 의약품 접근성을 높인다.,한국과학기술연구원이 개발한 바이오의약품 전달 플랫폼은 냉장 보관 없이 상온 보관이 가능해 콜드체인 없이도 의약품의 안정성과 효능을 유지하며 의료 취약 지역 의약품 접근성을 높인다. |,local,10,콜드체인,,,0.8171055650257634,,1.0,0.8171055650257634,9.231843373108205,10.0,8.719738955180343,False
2026-04-30,BD,2026-05-01 06:32:00,Naver News,https://www.theguru.co.kr/news/article.html?no=101103,"대웅제약 기대감 好好, 베트남 '트라파코'에 기술협력에 '매출 3조동' 정조준","대웅제약이 투자한 베트남 제약사 트라파코(Traphaco)가 올해 3조동 규모의 매출을 목표로 글로벌 공급망 공략에 나선다. 생산 인프라를 대규모 확장하고 성장 잠재력이 높은 사업을 중심으로 포트폴리오를 재편한다는 전략이다. 트라파코의 폭발적인 성장세 속, 지분을 보유하고 기술 협력 관계인 대웅제약에 대한 수혜 기대감도 커지고 있다.","[더구루=김현수 기자] 대웅제약이 투자한 베트남 제약사 트라파코(Traphaco)가 올해 3조동 규모의 매출을 목표로 글로벌 공급망 공략에 나선다. 생산 인프라를 대규모 확장하고 성장 잠재력이 높은 사업을 중심으로 포트폴리오를 재편한다는 전략이다. 트라파코의 폭발적인 성장세 속, 지분을 보유하고 기술 협력 관계인 대웅제약에 대한 수혜 기대감도 커지고 있다.",local,10,인수,,,0.9069578770830077,,1.0,0.9069578770830077,9.209223083748633,9.0,9.348705139581053,False
2026-04-30,BD,2026-04-28 08:36:00,Naver News,https://www.theguru.co.kr/news/article.html?no=101129,美 오가논 품은 '印 선파마'…대웅제약·온코닉테라퓨틱스 기대감 '솔솔',"인도 최대 제약사 선파마슈티컬인더스트리즈(Sun Pharmaceutical Industries, 이하 선파마)가 미국 헬스케어 기업 오가논(Organon)을 품에 안았다. 올해 헬스케어 분야에서 가장 큰 큐모의 인수합병(M&A)이다. 이로써 선파마는 합산 매출 124억 달러(약 18조 3000억원)의 세계 25대 제약사 반열에.","[더구루=김현수 기자] 인도 최대 제약사 선파마슈티컬인더스트리즈(Sun Pharmaceutical Industries, 이하 선파마)가 미국 헬스케어 기업 오가논(Organon)을 품에 안았다. 올해 헬스케어 분야에서 가장 큰 큐모의 인수합병(M&A)이다. 이로써 선파마는 합산 매출 124억 달러(약 18조 3000억원)의 세계 25대 제약사 반열에",local,10,불임,,,0.8932882376145571,,1.0,0.8932882376145571,9.15181059798114,9.0,9.2530176633019,False
2026-04-30,BD,2026-04-28 13:54:00,Naver News,https://www.g-enews.com/view.php?ud=2026042813500116372bd56fbc3c_1,"인도 선파마, 17조 원대 빅딜로 '글로벌 빅파마' 대열 합류 - 글로벌이코노믹","인도 최대 제약사인 선 파마슈티컬(Sun Pharmaceutical Industries, 이하 선파마)이 미국 뉴저지 기반의 제약사 오가논(Organon & Co)을 117억 5000만 달러(약 17조 2995억 원)에 인수하며 글로벌 제약 시장의 지각변동을 불러일으켰다.","인도 최대 제약사인 선 파마슈티컬(Sun Pharmaceutical Industries, 이하 선파마)이 미국 뉴저지 기반의 제약사 오가논(Organon & Co)을 117억 5000만 달러(약 17조 2995억 원)에 인수하며 글로벌 제약 시장의 지각변동을 불러일으켰다. 이번 계약은",local,10,오가논,,,0.8889565048402243,,1.0,0.8889565048402243,9.133617320328941,9.0,9.22269553388157,False
2026-04-30,BD,2026-04-28 17:15:00,Naver News,https://www.newsis.com/view/NISX20260428_0003610110,"'인도 제약사' 선 파마, 美기업 오가논 17조원에 인수","인도 최대 제약사인 선 파마(Sun Pharma)가 미국 기업 오가논을 117억5000만 달러(한화 약 17조3000억원)에 인수했다.28일 한국바이오협회 바이오경제연구센터에 따르면, 선 파마는 미국 머크(MSD)에서 분사해 설립된 글로벌 헬스케어 기업인 오가논을 인수했다.오가논은 여성건강 분야 선두기업으로, 바이오시밀러 포함..","[서울=뉴시스]황재희 기자 = 인도 최대 제약사인 선 파마(Sun Pharma)가 미국 기업 오가논을 117억5000만 달러(한화 약 17조3000억원)에 인수했다.28일 한국바이오협회 바이오경제연구센터에 따르면, 선 파마는 미국 머크(MSD)에서 분사해 설립된 글로벌 헬스케어 기업인 오가논을 인수했다.오가논은 여성건강 분야 선두기업으로, 바이오시밀러 포함..",local,10,특허만료,,,0.8803964593610598,,1.0,0.8803964593610598,9.09766512931645,9.0,9.162775215527418,False
2026-04-30,Client,2026-04-30 18:18:00,Naver News,https://www.smarttoday.co.kr/ko-kr/articles/107167,"[바이오 디코드] '성능·안전성' 앞세운 림카토, 국내 CAR-T 시장 재편 예...",림카토의 완전관해율은 현재 국내 시장 점유율 1위인 노바티스 '킴리아'(약 39~40%)보다 월등히 높다. 킴리아의 후발주자인 길리어드의 '예스카타(58%)'와 브리스톨마이어스스큅(BMS)의 '브레얀지(53%)'의 완전관해율마저... ,림카토의 완전관해율은 현재 국내 시장 점유율 1위인 노바티스 '킴리아'(약 39~40%)보다 월등히 높다. 킴리아의 후발주자인 길리어드의 '예스카타(58%)'와 브리스톨마이어스스큅(BMS)의 '브레얀지(53%)'의 완전관해율마저... ,local,10,노바티스,,,0.8759171225614146,,1.0,0.8759171225614146,9.07885191475794,9.0,9.131419857929902,True
2026-04-30,BD,2026-04-30 14:19:00,Naver News,https://www.sedaily.com/article/20039116?ref=naver,"릴리·삼성바이오, 초기 바이오 벤처 ‘전방위 육성’ 나선다",접근이 거부되었습니다 관리자에게 문의하세요 Email : 홈으로 돌아가기.,"403
접근이 거부되었습니다
관리자에게 문의하세요
Email : sscinfra@ssc.co.kr
홈으로 돌아가기",local,10,M&A,,,0.855889392250508,,1.0,0.855889392250508,8.994735447452134,9.0,8.991225745753557,False
2026-04-30,BD,2026-04-30 16:06:00,Naver News,https://news.mtn.co.kr/news-detail/2026043015055427663,"글로벌 투자자 ""K바이오, 기술은 일류…상업화 가치 증명 숙제""","글로벌 바이오 산업 투자 지형이 재편되고 있다. 경기 둔화로 시장 유동성은 과거보다 악화됐고, 투자자들은 공격적 투자보다는 수익성이 보장되는 안정적 투자를 선호하게 됐다. 글로벌 헬스케어 액셀러레이터(창업기획자) '버티컬(Vertical)' 최고전략책임자 제이슨 힐은 바이오코리아 2026에서 머니투데이방송(MTN)과 만나 글로벌 시장 문턱을 넘기 위해선 '기술의 실질적 가치'를 입증해야 한다고 강조했다.","글로벌 바이오 산업 투자 지형이 재편되고 있다. 경기 둔화로 시장 유동성은 과거보다 악화됐고, 투자자들은 공격적 투자보다는 수익성이 보장되는 안정적 투자를 선호하게 됐다. 글로벌 헬스케어 액셀러레이터(창업기획자) '버티컬(Vertical)' 최고전략책임자 제이슨 힐은 바이오코리아 2026에서 머니투데이방송(MTN)과 만나 글로벌 시장 문턱을 넘기 위해선 '기술의 실질적 가치'를 입증해야 한다고 강조했다. 핀란드에 본사를 둔 버티컬은 글로벌 제약사, 헬스케어 기업의 유럽 시장 진입 전략을 지원하는 조직이다. 국내 의료기기 기업 휴",local,10,M&A,,,0.8452036616556858,,1.0,0.8452036616556858,8.94985537895388,9.0,8.9164256315898,False
2026-04-30,Client,2026-04-29 14:20:00,Naver News,https://www.bosa.co.kr/news/articleView.html?idxno=3003903,"애브비 “글로벌 빅파마와 협업, 싸인 이후의 소통부터 시작” - 의학신문",글로벌제약사 애브비가 국내 제약바이오기업들에게 과학적 근거 기반으로 끊임없는 소통을 권장했다.또한 임상부터 시장출시까지 본격적인.,[의학신문·일간보사=이승덕 기자]글로벌제약사 애브비가 국내 제약바이오기업들에게 과학적 근거 기반으로 끊임없는 소통을 권장했다.또한 임상부터 시장출시까지 본격적인,local,10,애브비,,,0.9089826834893262,,1.0,0.9089826834893262,8.81772727065517,8.0,9.362878784425284,True
2026-04-30,BD,2026-04-30 12:06:00,Naver News,https://www.kpanews.co.kr/news/articleView.html?idxno=534038,"광동제약, 타그리소 제네릭 합류…우판권 '공동 진입' 포석 - 약사공론",아스트라제네카 폐암 치료제 ‘타그리소(오시머티닙)’를 둘러싼 특허 2라운드 분쟁이 이어지는 가운데 광동제약이 제네릭 품목허가를 확보하며 시장 진입 대열에 합류했다.,아스트라제네카 폐암 치료제 ‘타그리소(오시머티닙)’를 둘러싼 특허 2라운드 분쟁이 이어지는 가운데 광동제약이 제네릭 품목허가를 확보하며 시장 진입 대열에 합류했다,local,10,아스트라제네카,,,0.9031431173660354,,1.0,0.9031431173660354,8.793201092937348,8.0,9.322001821562246,False
2026-04-30,Client,2026-04-29 17:24:00,Naver News,http://www.newsprime.co.kr/news/article.html?no=731989,[이BIO] 현대약품·메디톡스·삼성바이오에피스 外,"◆현대약품, 마이녹셀 스칼프 인텐시브 샴푸 400ml 호작도 에디션 출시 ◆한독, E-순환거버넌스와 협력해 친환경 자원순환 캠페인 진행 ◆메디톡스, 의료진 대상 학술 세미나 개최…임상 교류 확대 ◆동아제약... ","◆현대약품, 마이녹셀 스칼프 인텐시브 샴푸 400ml 호작도 에디션 출시 ◆한독, E-순환거버넌스와 협력해 친환경 자원순환 캠페인 진행 ◆메디톡스, 의료진 대상 학술 세미나 개최…임상 교류 확대 ◆동아제약... ",local,10,한독,,,0.897000800609918,,1.0,0.897000800609918,8.767403362561655,8.0,9.279005604269425,False
2026-04-30,BD,2026-04-30 22:10:00,Naver News,https://medicalworldnews.co.kr/news/view.php?idx=1510974412,"[4월 30일 병원계 이모저모⑤]국립암센터, 서울대, 이대서울, 한림대성심병원 등 소식","4월 30일 병원계 주요 이모저모는 다음과 같다.◆국립암센터, ‘젊은 부인암 코호트 구축(TRC) 심포지엄’ 개최 국립암센터(원장 양한광)가 지난 18일 롯데월드타워에서 ‘젊은 부인암 생존자의 삶의 질 평가와 맞춤 헬스케어 기술개발을 위한 치료 후 코호트 구축(Trial-Ready-Cohort, TRC) 심포지엄’을 개최했다.이번 심포지엄은 젊은 부인암 생존자들이 겪는 주요 건강 문제에 대한 연구 현황을 공유하고, 향후 연구 방향을 논.","4월 30일 병원계 주요 이모저모는 다음과 같다.◆국립암센터, ‘젊은 부인암 코호트 구축(TRC) 심포지엄’ 개최 국립암센터(원장 양한광)가 지난 18일 롯데월드타워에서 ‘젊은 부인암 생존자의 삶의 질 평가와 맞춤 헬스케어 기술개발을 위한 치료 후 코호트 구축(Trial-Ready-Cohort, TRC) 심포지엄’을 개최했다.이번 심포지엄은 젊은 부인암 생존자들이 겪는 주요 건강 문제에 대한 연구 현황을 공유하고, 향후 연구 방향을 논",local,10,파트너십,,,0.8597731010011903,,1.0,0.8597731010011903,8.611047024205,8.0,9.018411707008333,False
2026-04-30,BD,2026-04-30 16:32:00,Naver News,https://www.etnews.com/20260430000388,"아스트라제네카, 파인트리테라퓨틱스 EGFR 분해제 기술 상업화 권리 행사",파인트리테라퓨틱스는 글로벌 제약사 아스트라제네카(AZ)가 차세대 표적 단백질 분해(TPD) 기술의 라이선스 옵션을 행사했다고 30일 밝혔다. 앞서 2024년 7월에 맺은 기술이전 계약에 따라 AZ는 상피세포 성장인자 수용체(EGFR) 표적 이중항체 분해제 후보물질 'P.,파인트리테라퓨틱스는 글로벌 제약사 아스트라제네카(AZ)가 차세대 표적 단백질 분해(TPD) 기술의 라이선스 옵션을 행사했다고 30일 밝혔다. 앞서 2024년 7월에 맺은 기술이전 계약에 따라 AZ는 상피세포 성장인자 수용체(EGFR) 표적 이중항체 분해제 후보물질 'P,local,10,아스트라제네카,,,0.8556326524015528,,1.0,0.8556326524015528,8.59365714008652,8.0,8.989428566810869,False
2026-04-30,Client,2026-04-29 16:26:00,Naver News,https://www.mk.co.kr/article/12030978,"애브비 “K바이오, 초기 단계부터 파트너 찾아라…빅파마와 접점 늘려야” - 매일경제",매출 60%·파이프라인 64% 외부 협력서 확보 이노베이터 어워드 도입…파트너링 데이 예정 “과학 기반·AI 역량 강점…글로벌 경쟁력 충분”.,매출 60%·파이프라인 64% 외부 협력서 확보 이노베이터 어워드 도입…파트너링 데이 예정 “과학 기반·AI 역량 강점…글로벌 경쟁력 충분”,local,10,애브비,,,0.8484840572596923,,1.0,0.8484840572596923,8.563633040490707,8.0,8.939388400817846,False
2026-04-30,BD,2026-04-28 08:26:00,Naver News,https://www.hitnews.co.kr/news/articleView.html?idxno=75751,"ABL바이오 ""파트너 컴퍼스, 담도암 토베시미그 임상 PFS 충족""",에이비엘바이오가 개발한 항암제 토베시미그(ABL001)가 진행성 담도암 환자 대상 글로벌 임상 2/3상에서 무진행생존기간(PFS)은 충족했지만 전체생존기간(OS)은 충족하지 못했다. 회사 측은 임상 과정에서 교차 투여로 인한 것이라면서도 투여 후 차이가 확인된 만큼 2차 치료제를 위해 BLA를 신청한다는 계획이다.에이비엘바이오는 글로벌 파트너사 컴퍼스 테라퓨틱스(Compass Therapeutics)가 현지시각 27일 토베시미그의 글로벌 임상 2/3상 'COMPANION-002'의 2차 평가변수 결과를 발표했다고 28일 밝혔다.임상.,에이비엘바이오가 개발한 항암제 토베시미그(ABL001)가 진행성 담도암 환자 대상 글로벌 임상 2/3상에서 무진행생존기간(PFS)은 충족했지만 전체생존기간(OS)은 충족하지 못했다. 회사 측은 임상 과정에서 교차 투여로 인한 것이라면서도 투여 후 차이가 확인된 만큼 2차 치료제를 위해 BLA를 신청한다는 계획이다.에이비엘바이오는 글로벌 파트너사 컴퍼스 테라퓨틱스(Compass Therapeutics)가 현지시각 27일 토베시미그의 글로벌 임상 2/3상 'COMPANION-002'의 2차 평가변수 결과를 발표했다고 28일 밝혔다.임상,local,10,생물학적제제,,,0.8474306699228689,,1.0,0.8474306699228689,8.559208813676047,8.0,8.93201468946008,False
2026-04-30,Client,2026-04-30 17:08:00,Naver News,https://www.news2day.co.kr/article/20260430500256,"[N2 뷰] 큐로셀, ‘국내 1호 CAR-T’ 등극...‘초고가 급여’ 관건",큐로셀이 67.1%의 완전관해율을 증명하며 ‘국내 1호 CAR-T 신약’ 정식 허가라는 마일스톤을 달성했다. 30일 제약·바이오업계에 따르면 큐로셀의 ‘림카토’가 식약처로부터 3상 조건부 허가가 아닌 정식 제조판매 품목 허가를 획득했다.,[뉴스투데이=임성지 기자] 큐로셀이 67.1%의 완전관해율을 증명하며 ‘국내 1호 CAR-T 신약’ 정식 허가라는 마일스톤을 달성했다. 30일 제약·바이오업계에 따르면 큐로셀의 ‘림카토’가 식약처로부터 3상 조건부 허가가 아닌 정식 제조판매 품목 허가를 획득했다. 큐로,local,10,노바티스,,,0.8461663173408567,,1.0,0.8461663173408567,8.553898532831598,8.0,8.923164221385996,False
2026-04-30,BD,2026-04-28 10:02:00,Naver News,http://www.press9.kr/news/articleView.html?idxno=75702,"에이비엘바이오 토베시미그, OS도 개선했나…컴퍼스 ""FDA 정식 승인 추진""","에이비엘바이오에서 기술이전한 담도암 치료제 토베시미그의 개발사 컴퍼스 테라퓨틱스는 현지시각 27일 임상 2/3상 컴패니언(COMPANION)-002의 전체생존기간(OS) 세부 분석 결과를 공개하며, 교차투여 효과를 배제하면 생존기간 개선이 뚜렷하게 확인된다고 밝혔다. 회사는 이를 근거로 가속 승인이 아닌 정식 승인(Full Approval) 경로로 FDA에 생물학적제제 허가신청(BLA)을 추진한다는 방침이다.먼저 전체 환자를 대상으로 한 의향치료군(ITT) 분석 결과만 보면 OS 중앙값은 병용군 8.9개월, 대조군 9.","[프레스나인] 에이비엘바이오에서 기술이전한 담도암 치료제 토베시미그의 개발사 컴퍼스 테라퓨틱스는 현지시각 27일 임상 2/3상 컴패니언(COMPANION)-002의 전체생존기간(OS) 세부 분석 결과를 공개하며, 교차투여 효과를 배제하면 생존기간 개선이 뚜렷하게 확인된다고 밝혔다. 회사는 이를 근거로 가속 승인이 아닌 정식 승인(Full Approval) 경로로 FDA에 생물학적제제 허가신청(BLA)을 추진한다는 방침이다.먼저 전체 환자를 대상으로 한 의향치료군(ITT) 분석 결과만 보면 OS 중앙값은 병용군 8.9개월, 대조군 9",local,10,생물학적제제,,,0.842011389166238,,1.0,0.842011389166238,8.5364478344982,8.0,8.894079724163666,False
2026-04-30,BD,2026-05-01 05:00:00,Naver News,https://it.chosun.com/news/articleView.html?idxno=2023092161332,"함은경 JW중외 대표, 연구개발형 제약사 전환 시험대","국산 블록버스터 신약 부재가 국내 제약업계의 오랜 숙제로 꼽히는 가운데, JW중외제약이 통풍 치료제부터 탈모 신약까지 잇단 파이프라인 성과를 앞세워 새로운 도약을 준비 중이다.글로벌 임상 막바지에 진입한 통풍치료제 ‘에파미뉴라드’를 필두로 혁신 기전 탈모 신약, 표적항암제 등 후속 후.","국산 블록버스터 신약 부재가 국내 제약업계의 오랜 숙제로 꼽히는 가운데, JW중외제약이 통풍 치료제부터 탈모 신약까지 잇단 파이프라인 성과를 앞세워 새로운 도약을 준비 중이다.글로벌 임상 막바지에 진입한 통풍치료제 ‘에파미뉴라드’를 필두로 혁신 기전 탈모 신약, 표적항암제 등 후속 후",local,10,계약,,,0.8401519533607225,,1.0,0.8401519533607225,8.528638204115033,8.0,8.881063673525057,False
2026-04-30,BD,2026-04-30 11:12:00,Naver News,https://www.tokenpost.kr/news/market/354870,"아스트라제네카, FDA 승인·후기임상 호재…핀트리와 5억달러대 항암 계약 - TokenPost","아스트라제네카($AZN)가 항암·호흡기·면역질환 분야에서 연이어 성과를 내며 존재감을 키우고 있다. 미국 식품의약국(FDA) 승인과 후기 임상 성공, 신규 기술도입 계약까지 이어지면서 2026년 실적 가이던스에 힘이 실리는 분위기다.핀트리...","아스트라제네카($AZN)가 항암·호흡기·면역질환 분야에서 연이어 성과를 내며 존재감을 키우고 있다. 미국 식품의약국(FDA) 승인과 후기 임상 성공, 신규 기술도입 계약까지 이어지면서 2026년 실적 가이던스에 힘이 실리는 분위기다.핀트리...",local,10,아스트라제네카,,,0.8358236327198129,,1.0,0.8358236327198129,8.510459257423213,8.0,8.850765429038688,False
2026-04-30,BD,2026-04-29 17:58:00,Naver News,https://www.sentv.co.kr/article/view/sentv202604290072,에이비엘 임상 결과 '먹구름'…한독 성장 전략 '흔들',"에이비엘바이오의 담도암 신약 임상 결과가 기대에 못 미치면서, 국내 판권을 보유한 한독의 중장기 사업 전략에 변수가 생겼습니다.","에이비엘바이오의 담도암 신약 임상 결과가 기대에 못 미치면서, 국내 판권을 보유한 한독의 중장기 사업 전략에 변수가 생겼습니다. 핵심 파이프라인",local,10,판권,,,0.8337299873515724,,1.0,0.8337299873515724,8.501665946876605,8.0,8.836109911461008,False
2026-04-30,Client,2026-04-30 14:22:00,Naver News,http://www.hansbiz.co.kr/news/articleView.html?idxno=836296,"‘전주기 지원’ 제이앤피메디, K-바이오 스타트업 키운다","제약바이오 업계가 유망 스타트업 선점 경쟁에 속도를 내는 가운데 제이앤피메디파트너스가 전주기 지원 모델을 앞세워 투자 생태계 내 존재감을 빠르게 확대하고 있다. 단순 자금 투자를 넘어 연구개발(R&D), 임상, 사업화, 글로벌 진출까지 아우르는 동반 성장 전략을 구체화하며 K-바이오 스타트업 육성의 핵심 축으로 부상하는 모습이다.최근 업계에 따르면 주요 제약사와 투자기관들이 기술력과 성장 잠재력을 갖춘 바이오 스타트업 확보에 적극 나서고 있지만 제이앤피메디파트너스는 초기 단계부터 상업화까지 연결하는.","| 서울=한스경제 김동주 기자 | 제약바이오 업계가 유망 스타트업 선점 경쟁에 속도를 내는 가운데 제이앤피메디파트너스가 전주기 지원 모델을 앞세워 투자 생태계 내 존재감을 빠르게 확대하고 있다. 단순 자금 투자를 넘어 연구개발(R&D), 임상, 사업화, 글로벌 진출까지 아우르는 동반 성장 전략을 구체화하며 K-바이오 스타트업 육성의 핵심 축으로 부상하는 모습이다.최근 업계에 따르면 주요 제약사와 투자기관들이 기술력과 성장 잠재력을 갖춘 바이오 스타트업 확보에 적극 나서고 있지만 제이앤피메디파트너스는 초기 단계부터 상업화까지 연결하는",local,10,노보노디스크,,,0.8326526972846049,,1.0,0.8326526972846049,8.49714132859534,8.0,8.828568880992233,False
2026-04-30,Client,2026-04-30 19:42:00,Naver News,https://www.lecturernews.com/news/articleView.html?idxno=201466,"[나동준 시선의 ESG] 내 목숨을 결정하는 회의실에, 환자는 없다","내 목숨으로 돈을 버는 회사의 최고 의사결정 테이블에, 정작 나는 없다.제약회사의 이사회는 어떤 신약에 먼저 투자할지, 어떤 치료를 더 빨리 시장에 내놓을지, 누가 그 약에 접근할 수 있을지를 사실상 결정한다. 그 회의실에서 오가는 판단은 환자에게 단순한 경영 전략이 아니다. 그것은 생존 가능성이고, 치료의 시간이며, 삶의 존엄이다. 그런데도 그 자리에 환자는 없다.","[한국강사신문 나동준 칼럼니스트] 내 목숨으로 돈을 버는 회사의 최고 의사결정 테이블에, 정작 나는 없다.제약회사의 이사회는 어떤 신약에 먼저 투자할지, 어떤 치료를 더 빨리 시장에 내놓을지, 누가 그 약에 접근할 수 있을지를 사실상 결정한다. 그 회의실에서 오가는 판단은 환자에게 단순한 경영 전략이 아니다. 그것은 생존 가능성이고, 치료의 시간이며, 삶의 존엄이다. 그런데도 그 자리에 환자는 없다. 재무 전문가와 법률가, 투자자와 경영인은 있어도, 그 결정의 결과를 자기 몸으로 감당해야 하는 사람은 빠져 있다.나는 다발성골수종 환",local,10,로슈,,,0.906681809391212,,1.0,0.906681809391212,8.408063599443091,7.0,9.346772665738484,False
2026-04-30,Client,2026-04-30 22:00:00,Naver News,https://news.hidoc.co.kr/news/articleView.html?idxno=61833,"""마운자로 품귀 현상""··· 전문의약품인 비만 치료제, 처방전 꼭 확인할 사항은? - 하이닥","﻿비만치료제 ‘마운자로(Mounjaro, 성분명:티르제파타이드)’ 제품의 품귀현상이 이어지고 있다. 경쟁 제품인 덴마크 노보 노디스크의 '위고비(Wegovy, 성.","﻿비만치료제 ‘마운자로(Mounjaro, 성분명:티르제파타이드)’ 제품의 품귀현상이 이어지고 있다. 경쟁 제품인 덴마크 노보 노디스크의 '위고비(Wegovy, 성",local,10,용량,,,0.9047656618406994,,1.0,0.9047656618406994,8.400015779730937,7.0,9.333359632884894,False
2026-04-30,BD,2026-04-30 16:30:00,Naver News,https://www.sedaily.com/article/20039214?ref=naver,"레바논, 한국 ‘의약품 참조국’ 지정…중동 진출 문턱 낮아진다",접근이 거부되었습니다 관리자에게 문의하세요 Email : 홈으로 돌아가기.,"403
접근이 거부되었습니다
관리자에게 문의하세요
Email : sscinfra@ssc.co.kr
홈으로 돌아가기",local,10,백신,,,0.9013982807937405,,1.0,0.9013982807937405,8.38587277933371,7.0,9.309787965556183,False
2026-04-30,BD,2026-04-30 16:34:00,Naver News,https://www.ebn.co.kr/news/articleView.html?idxno=1707380,"식약처, 지난해 의약품 1397개 품목 허가·신고…AI 의료기기 41.6%↑ - 이비엔(EBN)뉴스센터","식품의약품안전처는 지난해 국내 의약품 1397개 품목이 허가·신고됐다고 30일 밝혔다. 같은 기간 의료기기 허가·인증·신고 건수는 7675개를 기록했으며, 인공지.","식품의약품안전처는 지난해 국내 의약품 1397개 품목이 허가·신고됐다고 30일 밝혔다. 같은 기간 의료기기 허가·인증·신고 건수는 7675개를 기록했으며, 인공지",local,10,백신,,,0.8981138297963216,,1.0,0.8981138297963216,8.372078085144551,7.0,9.286796808574252,False
2026-04-30,Client,2026-04-27 07:30:00,Naver News,https://economist.co.kr/article/view/ecn202604210059,약사 출신의 ‘센터상’ 임윤아 디티앤씨 바이오그룹 사장 “위기는 기회”,낯설지 않은 이름부터 시선 집중이다. 약사 출신으로 글로벌 제약사 GSK·산도스·애보트·파마노비아·메디라마 등.,‘임윤아’. 낯설지 않은 이름부터 시선 집중이다. 약사 출신으로 글로벌 제약사 GSK·산도스·애보트·파마노비아·메디라마 등,local,10,파마노비아,,,0.8979298179153498,,1.0,0.8979298179153498,8.371305235244469,7.0,9.285508725407448,False
2026-04-30,Client,2026-04-30 06:12:00,Naver News,https://www.hitnews.co.kr/news/articleView.html?idxno=75819,"'디엠듀오' 연전연패 속, 방어용 심판마저 걷어낸 현대약품","현대약품이 자사 치매 복합제 디엠듀오 등재특허를 둘러싸고 진행하던 적극적 권리범위확인 심판을 취하했다. 29일 제약특허연구회 데일리 알럿에 따르면 현대약품은 27일 자사의 치매치료제 '디엠듀오정'(성분명 도네페질/메만틴)의 식약처 특허목록 등재특허와 관련해 진행 중이던 권리범위확인 심판 3건을 취하했다. 올해 1월 에스에스팜과 보령바이오파마를 상대로 특허심판원에 제기한 적극적 권리범위확인 심판 2건, 안국뉴팜을 상대로 특허법원에 제기한 2심 소송이다.디엠듀오는 현대약품이 국내 처음 선보인 도네페질과 메만틴 복합제다.","현대약품이 자사 치매 복합제 디엠듀오 등재특허를 둘러싸고 진행하던 적극적 권리범위확인 심판을 취하했다. 29일 제약특허연구회 데일리 알럿에 따르면 현대약품은 27일 자사의 치매치료제 '디엠듀오정'(성분명 도네페질/메만틴)의 식약처 특허목록 등재특허와 관련해 진행 중이던 권리범위확인 심판 3건을 취하했다. 올해 1월 에스에스팜과 보령바이오파마를 상대로 특허심판원에 제기한 적극적 권리범위확인 심판 2건, 안국뉴팜을 상대로 특허법원에 제기한 2심 소송이다.디엠듀오는 현대약품이 국내 처음 선보인 도네페질과 메만틴 복합제다. 도네페질 10m",local,10,현대약품,,,0.8953811440284826,,1.0,0.8953811440284826,8.360600804919626,7.0,9.267668008199378,False
2026-04-30,Client,2026-04-30 12:10:00,Naver News,https://www.hitnews.co.kr/news/articleView.html?idxno=75818,변비 OTC 둘코락스·메이킨 리딩… 연령별 '여성 공략' 통했다,"히트뉴스와 비저너리 데이터 공동 기획 Hello OTC 15% 빅데이터 분석회사 비저너리데이터(대표 이홍기)와 함께 전국 패널 약국 330곳의 데이터를 분석, OTC 명가들이 어떤 전략으로 약국과 소비자의 마음을 훔쳤는지 조명한다.(28) 변비약 시장…젊은 여성 vs 중장년층 타깃 경쟁 변비약 시장 3축 경쟁자극성 하제 양강에 한방 제제·관장약 틈새 성장2023~2024년 패널 약국의 경영실적을 토대로 변비 치료제 시장을 분석한 결과, 오펠라헬스케어코리아 '둘코락스에스장용정'이 OTC 인덱스 270을 기록하면서 1위를 차지한 것으로.","히트뉴스와 비저너리 데이터 공동 기획 Hello OTC 15% 빅데이터 분석회사 비저너리데이터(대표 이홍기)와 함께 전국 패널 약국 330곳의 데이터를 분석, OTC 명가들이 어떤 전략으로 약국과 소비자의 마음을 훔쳤는지 조명한다.(28) 변비약 시장…젊은 여성 vs 중장년층 타깃 경쟁 변비약 시장 3축 경쟁자극성 하제 양강에 한방 제제·관장약 틈새 성장2023~2024년 패널 약국의 경영실적을 토대로 변비 치료제 시장을 분석한 결과, 오펠라헬스케어코리아 '둘코락스에스장용정'이 OTC 인덱스 270을 기록하면서 1위를 차지한 것으로",local,10,오펠라,,,0.8936912718926814,,1.0,0.8936912718926814,8.353503341949262,7.0,9.255838903248769,False
2026-04-30,Client,2026-04-30 15:04:00,Naver News,https://biz.chosun.com/opinion/journalist/2026/04/30/2POD6W6PFJFAFGKABOSWSD57PY/?utm_source=naver&utm_medium=original&utm_campaign=biz,"[기자수첩] 희소병 환자들 목숨이 걸린 청원, 더 늦기 전에 국회가 답해야 한다",미국 머크(MSD)가 개발한 ‘웰리렉(성분명 벨주티판)’이 있다. 국내에서도 2023년 식품의약품안전처 승인을 받았다. 문제는 가격이다. 한 달 치가 2261만원이다. 1년이면 약값이 2억7132만원에 이른다. 대기업 임원 연봉을... ,미국 머크(MSD)가 개발한 ‘웰리렉(성분명 벨주티판)’이 있다. 국내에서도 2023년 식품의약품안전처 승인을 받았다. 문제는 가격이다. 한 달 치가 2261만원이다. 1년이면 약값이 2억7132만원에 이른다. 대기업 임원 연봉을... ,local,10,MSD,,,0.8926975961795409,,1.0,0.8926975961795409,8.349329903954072,7.0,9.248883173256786,False
2026-04-30,Client,2026-04-27 06:02:00,Naver News,https://new.dailypharm.com/user/news/337770?REFERER=NP,[데일리팜]헤일리온 소비자와 소통…'센트룸 데이' 건강 이야기 확장,◆기획·진행 : 제약바이오산업2팀 황병우 기자 ◆촬영·편집 : 영상뉴스팀 ◆출연 : 신동우 헤일리온코리아 대표 글로벌 컨슈머 헬스케어 기업 헤일리온이 종합비타민 브랜드 센트룸을 통해 소비자와 직접 소통하는 자리를 마련했습니다.,◆기획·진행 : 제약바이오산업2팀 황병우 기자 ◆촬영·편집 : 영상뉴스팀 ◆출연 : 신동우 헤일리온코리아 대표 글로벌 컨슈머 헬스케어 기업 헤일리온이 종합비타민 브랜드 센트룸을 통해 소비자와 직접 소통하는 자리를 마련했습니다.,local,10,헤일리온,,,0.891762358372064,,1.0,0.891762358372064,8.345401905162669,7.0,9.242336508604449,False
2026-04-30,Client,2026-04-28 06:02:00,Naver News,https://www.monews.co.kr/news/articleView.html?idxno=410897,중증근무력증 연 4회 피하주사하는 siRNA 치료제 시대 열릴까 - 메디칼업저버,연 4회 피하주사하는 siRNA 치료제로 중증근무력증을 관리하는 시대가 열릴지 관심이 모인다.주목받는 siRNA 치료제는 미국 리제네.,[메디칼업저버 박선혜 기자] 연 4회 피하주사하는 siRNA 치료제로 중증근무력증을 관리하는 시대가 열릴지 관심이 모인다.주목받는 siRNA 치료제는 미국 리제네,local,10,리제네론,,,0.8908886764095229,,1.0,0.8908886764095229,8.341732440919996,7.0,9.23622073486666,False
2026-04-30,BD,2026-05-01 00:00:00,Naver News,https://www.newsclaim.co.kr/news/articleView.html?idxno=3062448,[기자수첩] 중외제약 품목정지 그때는 맞고 지금은 틀린 이유,"리베이트로 인한 제재는 분명 제약회사 책임이지만, 판매정지 처분의 파장은 그 회사 담장을 넘는다. JW중외제약 31개 품목 3개월 정지는 과거 잘못에 대한 대가이자, 동시에 제약시장과 환자 접근성을 다시 보게 만드는 사건이다.이 일로 ‘이익’ 보는 쪽이 있다. 포스페넴주처럼 중환자 항생제는 동일성분 제네릭이 20개가 넘는다. JW 제품이 3개월 빠지는 사이, 유한양행 종근당 동아에스티 한미약품 등 경쟁사가 그 매출을 그대로 나눠 갖는다.처방이 한 번 바뀌면 쉽게 돌아오지 않는다는 점을 감안하면, 일회성 매출이 아니라 장.","[뉴스클레임]리베이트로 인한 제재는 분명 제약회사 책임이지만, 판매정지 처분의 파장은 그 회사 담장을 넘는다. JW중외제약 31개 품목 3개월 정지는 과거 잘못에 대한 대가이자, 동시에 제약시장과 환자 접근성을 다시 보게 만드는 사건이다.이 일로 ‘이익’ 보는 쪽이 있다. 포스페넴주처럼 중환자 항생제는 동일성분 제네릭이 20개가 넘는다. JW 제품이 3개월 빠지는 사이, 유한양행 종근당 동아에스티 한미약품 등 경쟁사가 그 매출을 그대로 나눠 갖는다.처방이 한 번 바뀌면 쉽게 돌아오지 않는다는 점을 감안하면, 일회성 매출이 아니라 장",local,10,제네릭,,,0.8905588221702757,,1.0,0.8905588221702757,8.340347053115158,7.0,9.23391175519193,False
2026-04-30,BD,2026-04-29 06:02:00,Naver News,https://www.apsk.co.kr/news/articleView.html?idxno=539253,'엑스탄디' 물질특허 만료 D-59…동국제약 가세 제네릭 '선점 경쟁' - 메디팜스투데이,아스텔라스의 전립선암 치료제 '엑스탄디(성분명 엔잘루타미드)' 물질특허 만료가 두 달 앞으로 다가오면서 동국제약도 제네릭 시장 선점 경쟁에 가세했다.특히 연질캡슐.,아스텔라스의 전립선암 치료제 '엑스탄디(성분명 엔잘루타미드)' 물질특허 만료가 두 달 앞으로 다가오면서 동국제약도 제네릭 시장 선점 경쟁에 가세했다.특히 연질캡슐,local,10,아스텔라스,,,0.8870968128510245,,1.0,0.8870968128510245,8.325806613974303,7.0,9.209677689957172,False
2026-04-30,Client,2026-04-30 10:54:00,Naver News,https://www.kukinews.com/article/view/kuk202604300058,앱티스 ‘이중항체 ADC’ 개발 집중…“넥스트 ADC 파워하우스 될 것”,항체약물접합체(ADC) 시장이 글로벌 제약바이오 업계의 핵심 투자처로 부상한 가운데 차세대 경쟁의 무게중심이 이중항체 ADC로 이동할 수 있다는 전망.,항체약물접합체(ADC) 시장이 글로벌 제약바이오 업계의 핵심 투자처로 부상한 가운데 차세대 경쟁의 무게중심이 이중항체 ADC로 이동할 수 있다는 전망,local,10,다이이찌산쿄,,,0.883762001346238,,1.0,0.883762001346238,8.311800405654198,7.0,9.186334009423664,False
2026-04-30,BD,2026-04-30 21:54:00,Naver News,http://www.newsmp.com/news/articleView.html?idxno=252999,"레바논 한국 의약품 참조국 지정, WLA 등재 기반 첫 사례 外","◇레바논 한국 의약품 참조국 지정, WLA 등재 기반 첫 사례식품의약품안전처(처장 오유경)는 레바논 공중보건부가 지난 21일 대한민국을 레바논의 의약품 분야 참조국으로 신규 지정했다고 밝혔다.레바논이 세계보건기구 우수규제기관목록(WLA) 등재를 근거로 대한민국을 참조국으로 지정한 첫 사례라는 설명이다.지난해 8월 WLA 의약품ㆍ백신 분야 모든 규제기능에 등재된 이후, 한국의 의약품 규제 역량과 신뢰도가 해외 규제당국의 제도적 인정으로 이어졌다는 평가다.WLA는 WHO가 기존 SRA 국가목록을 대체해 운영하는 제도다.","◇레바논 한국 의약품 참조국 지정, WLA 등재 기반 첫 사례식품의약품안전처(처장 오유경)는 레바논 공중보건부가 지난 21일 대한민국을 레바논의 의약품 분야 참조국으로 신규 지정했다고 밝혔다.레바논이 세계보건기구 우수규제기관목록(WLA) 등재를 근거로 대한민국을 참조국으로 지정한 첫 사례라는 설명이다.지난해 8월 WLA 의약품ㆍ백신 분야 모든 규제기능에 등재된 이후, 한국의 의약품 규제 역량과 신뢰도가 해외 규제당국의 제도적 인정으로 이어졌다는 평가다.WLA는 WHO가 기존 SRA 국가목록을 대체해 운영하는 제도다. 의약품 규제기관",local,10,백신,,,0.8804192273317901,,1.0,0.8804192273317901,8.297760754793519,7.0,9.162934591322532,False
2026-04-30,Client,2026-05-01 06:00:00,Naver News,https://www.bosa.co.kr/news/articleView.html?idxno=3003899,전남대병원 의약품 입찰 속 숨은 지뢰밭…‘손해’ 경계해야 - 의학신문,2570억원 규모 전남대병원 의약품 입찰이 시작되면서 지역업체들간 치열한 눈치 경쟁이 전개되고 있지만 낮은 경합 비율 등 곳곳에.,[의학신문·일간보사=김상일 기자]2570억원 규모 전남대병원 의약품 입찰이 시작되면서 지역업체들간 치열한 눈치 경쟁이 전개되고 있지만 낮은 경합 비율 등 곳곳에,local,10,노바티스,,,0.8795288452111644,,1.0,0.8795288452111644,8.29402114988689,7.0,9.15670191647815,False
2026-04-30,Client,2026-04-30 07:00:00,Naver News,https://www.news1.kr/bio/general/6153040,"""GLP-1 비만치료제, 췌장염 위험 증가 없어…초기만 주의해야"" [저널톡]","Access Denied You don't have permission to access ""http://www.news1.kr/bio/general/6153040"" on this server. Reference #18.cc00d817.1777586304.5789969b https://errors.edgesuite.net/18.cc00d817.1777586304.5789969b.","Access Denied
You don't have permission to access ""http://www.news1.kr/bio/general/6153040"" on this server.
Reference #18.cc00d817.1777586304.5789969b
https://errors.edgesuite.net/18.cc00d817.1777586304.5789969b",local,10,마운자로,,,0.8787682092516139,,1.0,0.8787682092516139,8.290826478856777,7.0,9.151377464761296,False
2026-04-30,Client,2026-04-29 12:22:00,Naver News,http://www.medisobizanews.com/news/articleView.html?idxno=137944,공급중단 약물 이슈는 수익성ㆍ원료 수급난…전쟁 장기화 ‘근심’,"국외내 제약업체들이 판매 부진과 원료 수급 불안정, 글로벌 권고사항 변경 등 대내외적 변수로 자사 의약품을 잇따라 공급 중단하고 있다. 29일 식품의약품안전처가 공개한 4월 한달 공급중단ㆍ부족 의약품 현황에 따르면 국내외 제약사들이 '수요 감소로 인한 채산성 악화' 등의 이유로 자사 의약품의 공급중단을 선언하고 있다. 대부분 오는 10월에서 11월중에 공급을 마무리할 예정이다.","국외내 제약업체들이 판매 부진과 원료 수급 불안정, 글로벌 권고사항 변경 등 대내외적 변수로 자사 의약품을 잇따라 공급 중단하고 있다. 29일 식품의약품안전처가 공개한 4월 한달 공급중단ㆍ부족 의약품 현황에 따르면 국내외 제약사들이 '수요 감소로 인한 채산성 악화' 등의 이유로 자사 의약품의 공급중단을 선언하고 있다. 대부분 오는 10월에서 11월중에 공급을 마무리할 예정이다. 먼저 한국유나이티드제약은 급성 백혈병 치료제 '다우노신주20mg'의 국내 생산을 중단하기로 했다. 판매 부진이 주요 원인이며 시장 내 대체 가능 품목이 다수",local,10,현대약품,,,0.8787544690907823,,1.0,0.8787544690907823,8.290768770181286,7.0,9.151281283635475,False
2026-04-30,BD,2026-04-30 12:38:00,Naver News,https://www.dailymedi.com/news/news_view.php?wr_id=936028,﻿마약류 처방 규제 ‘강화’…콘서타·졸피뎀시장 ‘흔들’,"﻿﻿﻿이미지 생성형AI 활용식품의약품안전처가 의료용 마약류 오남용 기준을 벗어난 처방 의사 3923명에 대해 서면 통지와 추적 관찰에 착수하면서, 관련 의약품 시장 전반에 영향이 확산될 전망이다.이번 조치는 졸피뎀, 식욕억제제, 항불안제, 펜타닐 패치, 메틸페니데이트 등 주요 마약류를 대상으로 하며, 위반이 지속될 경우 처방·투약 금지 조치까지 이어질 수 있다.특히 이번 조치는 단발성 대응이 아니라 최근 수년간 이어지고 있는 의료용 마약류 관리 강화 정책의 연장선이라는 점에서 주목된다.식약처는 마약류통합관리시스템(NIMS)을 기반으….","﻿﻿﻿이미지 생성형AI 활용식품의약품안전처가 의료용 마약류 오남용 기준을 벗어난 처방 의사 3923명에 대해 서면 통지와 추적 관찰에 착수하면서, 관련 의약품 시장 전반에 영향이 확산될 전망이다.이번 조치는 졸피뎀, 식욕억제제, 항불안제, 펜타닐 패치, 메틸페니데이트 등 주요 마약류를 대상으로 하며, 위반이 지속될 경우 처방·투약 금지 조치까지 이어질 수 있다.특히 이번 조치는 단발성 대응이 아니라 최근 수년간 이어지고 있는 의료용 마약류 관리 강화 정책의 연장선이라는 점에서 주목된다.식약처는 마약류통합관리시스템(NIMS)을 기반으…",local,10,제네릭,,,0.8769760232935208,,1.0,0.8769760232935208,8.283299297832787,7.0,9.138832163054644,False
2026-04-30,Client,2026-04-30 17:52:00,Naver News,https://www.biotimes.co.kr/news/articleView.html?idxno=31461,"암젠 ‘테페자’, 국내 첫 ‘갑상선안병증 표적치료제’로 허가 획득 - 바이오타임즈","암젠코리아는 갑상선안병증(갑상샘눈병증, Thyroid Eye Disease) 치료제 ‘테페자®(테프로투무맙)’가 4월 30일 식품의약품안전처로부터.","[바이오타임즈] 암젠코리아는 갑상선안병증(갑상샘눈병증, Thyroid Eye Disease) 치료제 ‘테페자®(테프로투무맙)’가 4월 30일 식품의약품안전처로부터",local,10,암젠,,,0.8699529168264839,,1.0,0.8699529168264839,8.253802250671232,7.0,9.089670417785387,False
2026-04-30,Client,2026-04-29 14:42:00,Naver News,http://www.bizwnews.com/news/articleView.html?idxno=135375,"[HOT 헬스 트렌드] 제약업계, ‘가정의 달’ 마케팅 본격화…건강 선물 수요 겨냥",가정의 달을 앞두고 제약업계가 건강기능식품과 헬스케어 제품을 중심으로 한 할인 프로모션을 잇따라 선보이며 건강 선물 수요 공략에 나서고 있다.가족과 지인들의 건강 관리를 돕는 제품을 앞세워 자사 온라인몰과 네이버 스마트스토어 등을 중심으로 다양한 이벤트를 확대하는 모습이다.29일 업계에 따르면 가정의 달은 5월 8일 어버이날과 5월 15일 스승의 날 등 가족과 지인들에게 감사의 마음을 전하는 기념일이 이어지는 시기다.통상 건강 선물에 대한 수요가 늘어나는 만큼 건강기능식품과 헬스케어 제품을 중심으로 한 제약업계의 프로모.,[비즈월드] 가정의 달을 앞두고 제약업계가 건강기능식품과 헬스케어 제품을 중심으로 한 할인 프로모션을 잇따라 선보이며 건강 선물 수요 공략에 나서고 있다.가족과 지인들의 건강 관리를 돕는 제품을 앞세워 자사 온라인몰과 네이버 스마트스토어 등을 중심으로 다양한 이벤트를 확대하는 모습이다.29일 업계에 따르면 가정의 달은 5월 8일 어버이날과 5월 15일 스승의 날 등 가족과 지인들에게 감사의 마음을 전하는 기념일이 이어지는 시기다.통상 건강 선물에 대한 수요가 늘어나는 만큼 건강기능식품과 헬스케어 제품을 중심으로 한 제약업계의 프로모,local,10,한독,,,0.8686018864333228,,1.0,0.8686018864333228,8.248127923019956,7.0,9.08021320503326,False
2026-04-30,BD,2026-05-01 05:02:00,Naver News,https://www.hani.co.kr/arti/culture/book/1256753.html,“가짜 환자는 병원에서 못 고쳐요” [.txt],"가짜 환자가 있다. 첫째는 최신 의료 장비가 갖춰진 병원에서 소소한 이상을 잡아내며 환자가 되는 유형이다. 검사를 받다가 여러 과를 전전하게 되며 수백만원 검사비와 수심만 잔뜩 안게 되는 사람들이다. 둘째, 의료적 접근으로 치료할 수 없는 문제의 답을 병원에서 찾으려는.","가짜 환자가 있다. 첫째는 최신 의료 장비가 갖춰진 병원에서 소소한 이상을 잡아내며 환자가 되는 유형이다. 검사를 받다가 여러 과를 전전하게 되며 수백만원 검사비와 수심만 잔뜩 안게 되는 사람들이다. 둘째, 의료적 접근으로 치료할 수 없는 문제의 답을 병원에서 찾으려는",local,10,합병,,,0.8686007400613843,,1.0,0.8686007400613843,8.248123108257815,7.0,9.08020518042969,False
2026-04-30,Client,2026-04-30 17:21:00,Naver News,https://kormedi.com/?p=2812311,비만약 효과 오래가게 할 효소 찾았다 - 코메디닷컴,비만·당뇨병 치료제 시장을 바꾼 오젬픽과 위고비의 핵심은 ‘오래 작용하도록 설계된 호르몬 신호’다. 우리 몸에는 식사 뒤 혈당을 낮추고 포만감을 높이는 GLP-1(글루카곤 유사 펩타이드-1)이라는 호르몬이 있다. 하지만 자연 상태의 GLP-1은 체내에서 금세 분해된다. 약으로 쓰려면 몸속에서 더 오래 남아 작용하도록 구조를 바꿔야 한다. 오젬픽과 위고비의 주성분인 세마글루타이드가 이런 방식으로 만들어진 GLP-1 계열 약물이다.,비만·당뇨병 치료제 시장을 바꾼 오젬픽과 위고비의 핵심은 ‘오래 작용하도록 설계된 호르몬 신호’다. 우리 몸에는 식사 뒤 혈당을 낮추고 포만감을 높이는 GLP-1(글루카곤 유사 펩타이드-1)이라는 호르몬이 있다. 하지만 자연 상태의 GLP-1은 체내에서 금세 분해된다. 약으로 쓰려면 몸속에서 더 오래 남아 작용하도록 구조를 바꿔야 한다. 오젬픽과 위고비의 주성분인 세마글루타이드가 이런 방식으로 만들어진 GLP-1 계열 약물이다.,local,10,위고비,,,0.8658382236964686,,1.0,0.8658382236964686,8.236520539525168,7.0,9.06086756587528,False
2026-04-30,Client,2026-04-28 12:12:00,Naver News,https://www.kpanews.co.kr/news/articleView.html?idxno=533845,30조 아토피 시장 향방은…사노피 '방어' vs 신약 '기전 각축전' - 약사공론,글로벌 아토피 피부염 치료제 시장 규모가 연간 30조 원(약 200억 달러)을 돌파하며 시장의 외연이 급격히 확대되고 있다.현재 시장은 사노피와 리제네론의 ‘듀피.,글로벌 아토피 피부염 치료제 시장 규모가 연간 30조 원(약 200억 달러)을 돌파하며 시장의 외연이 급격히 확대되고 있다.현재 시장은 사노피와 리제네론의 ‘듀피,local,10,리제네론,,,0.8650775362102625,,1.0,0.8650775362102625,8.233325652083103,7.0,9.055542753471837,False
2026-04-30,Client,2026-04-29 14:47:00,Naver News,https://www.mt.co.kr/thebio/2026/04/30/2026042914392918671,글로벌 제약사 '기술 수혈' 책임자의 3대 원칙…과학·차별성·특허 - 머니투데이,"신약의 과학적인 모달리티가 무엇이며 이것이 미래 제품화에 어떻게 기여할 수 있는지 찾기 위해 노력합니다. 과학과 함께 차별성, 지식재산권(IP)으로 경쟁력을 판단해 투자 여부를 결정하고 있습니다.","신약의 과학적인 모달리티가 무엇이며 이것이 미래 제품화에 어떻게 기여할 수 있는지 찾기 위해 노력합니다. 과학과 함께 차별성, 지식재산권(IP)으로 경쟁력을 판단해 투자 여부를 결정하고 있습니다.",local,10,애브비,,,0.8644670656214432,,1.0,0.8644670656214432,8.230761675610061,7.0,9.051269459350102,False
2026-04-30,Client,2026-04-30 11:58:00,Naver News,https://www.dailypharm.com/user/news/338020?REFERER=NP,"[데일리팜]'다잘렉스' 피하주사 제형, 3개 적응증 동시 확대 승인","다잘렉스 피하주사 제형의 쓰임새 확대가 활발하다. 관련 업계에 따르면 한국얀센은 지난 24일 식품의약품안전처로부터 다잘렉스SC(다라투무맙)의 3개 적응증에 대한 추가 승인을 획득했다. 구체적인 적응증은 ▲새롭게 진단된 조혈모세포이식이 적합한 다발골수종 환자에 대한 보르테조밉, 레날리도마이드 및 덱사메타손과의 병용요법(DVRd) ▲새롭게 진단된 조혈모세포이식이 적합하지 않….","다잘렉스 피하주사 제형의 쓰임새 확대가 활발하다. 관련 업계에 따르면 한국얀센은 지난 24일 식품의약품안전처로부터 다잘렉스SC(다라투무맙)의 3개 적응증에 대한 추가 승인을 획득했다. 구체적인 적응증은 ▲새롭게 진단된 조혈모세포이식이 적합한 다발골수종 환자에 대한 보르테조밉, 레날리도마이드 및 덱사메타손과의 병용요법(DVRd) ▲새롭게 진단된 조혈모세포이식이 적합하지 않…",local,10,얀센,,,0.8643661621180627,,1.0,0.8643661621180627,8.230337880895863,7.0,9.050563134826438,False
2026-04-30,Client,2026-04-24 06:06:00,Naver News,https://www.medipana.com/news/articleView.html?idxno=410103,"제약시장 쉐어, 상장사  64% · 다국적사 22% · 비상장사 14% 차지 - 메디파나뉴스","제약바이오기업들은 지난해 한자릿수 성장세를 유지한 것으로 나타났다.메디파나뉴스가 상장제약사(일부 바이오기업 포함) 89곳, 비상장.","[메디파나뉴스= 최봉선 기자] 제약바이오기업들은 지난해 한자릿수 성장세를 유지한 것으로 나타났다.메디파나뉴스가 상장제약사(일부 바이오기업 포함) 89곳, 비상장",local,10,오펠라,,,0.8611508648246806,,1.0,0.8611508648246806,8.21683363226366,7.0,9.028056053772765,False
2026-04-30,Client,2026-04-30 16:30:00,Naver News,https://www.hankookilbo.com/news/article/A2026043015030001625?did=NA,혈액암 치료 판 바꾼 CAR-T… 이제 국산 약으로 환자 살린다-경제ㅣ한국일보,"국내 바이오 기업 큐로셀이 개발한 CART 치료제 림카토가 식약처 허가를 받으며 국내 최초 신약으로 등극했다. 림프종 등 혈액암 환자에게 높은 완전관해율을 보여 기존 항암제 대비 완치 가능성을 높이고, 경제적 부담 완화 및 세계 시장 진출도 기대된다.","국내 바이오 기업 큐로셀이 개발한 CART 치료제 림카토가 식약처 허가를 받으며 국내 최초 신약으로 등극했다. 림프종 등 혈액암 환자에게 높은 완전관해율을 보여 기존 항암제 대비 완치 가능성을 높이고, 경제적 부담 완화 및 세계 시장 진출도 기대된다. |",local,10,노바티스,,,0.8595581600116953,,1.0,0.8595581600116953,8.21014427204912,7.0,9.016907120081868,False
2026-04-30,BD,2026-04-30 19:14:00,Naver News,https://www.agrinet.co.kr/news/articleView.html?idxno=403858,수산질병관리사 올해 113명 선발 - 한국농어민신문,수산생물의 질병을 진단·예방·치료하는 수산질병관리사로 올해 113명이 선발됐다.해양수산부는 ‘제23회 수산질병관리사’ 시험에 총 2.,[한국농어민신문 최영진 기자] 수산생물의 질병을 진단·예방·치료하는 수산질병관리사로 올해 113명이 선발됐다.해양수산부는 ‘제23회 수산질병관리사’ 시험에 총 2,local,10,백신,,,0.8594722846318507,,1.0,0.8594722846318507,8.209783595453771,7.0,9.016305992422954,False
2026-04-30,BD,2026-04-29 17:12:00,Naver News,https://www.biotimes.co.kr/news/articleView.html?idxno=31430,"제네릭 기업들, 바이오시밀러 ‘황금의 10년’ 선점 경쟁 본격화 - 바이오타임즈",글로벌 제약산업에서 전통 제네릭 기업들의 전략 축이 빠르게 이동하고 있다. 저가 복제약 중심 사업모델에서 벗어나 바이오시밀러를 미래 성장동력으로.,[바이오타임즈] 글로벌 제약산업에서 전통 제네릭 기업들의 전략 축이 빠르게 이동하고 있다. 저가 복제약 중심 사업모델에서 벗어나 바이오시밀러를 미래 성장동력으로,local,10,오가논,,,0.8592327652591656,,1.0,0.8592327652591656,8.208777614088495,7.0,9.014629356814158,False
2026-04-30,Client,2026-04-30 09:36:00,Naver News,https://www.biotimes.co.kr/news/articleView.html?idxno=31439,"큐로셀 ‘림카토’, 국산 42호 신약 등극…국내 첫 CAR-T 시대 열었다 - 바이오타임즈","국내 바이오기업 큐로셀이 개발한 CAR-T 치료제 ‘림카토(RIMQARTO®, 안발캅타젠오토류셀)’가 4월 29일 식품의약품안전처로부터 정식 품목.","[바이오타임즈] 국내 바이오기업 큐로셀이 개발한 CAR-T 치료제 ‘림카토(RIMQARTO®, 안발캅타젠오토류셀)’가 4월 29일 식품의약품안전처로부터 정식 품목",local,10,얀센,,,0.8586630173165366,,1.0,0.8586630173165366,8.206384672729452,7.0,9.010641121215755,False
2026-04-30,Client,2026-04-30 14:48:00,Naver News,http://www.inews24.com/view/1965006,"셀트리온, 유럽에 '허쥬마' 피하주사 제형 추가 신청",피하주사로 투여 시간 단축…바이오시밀러 시장 경쟁력 강화 셀트리온은 30일 유럽의약품청(EMA)에 유방암 치료제 허쥬마(성분 트라스투주맙)의 피하주사(SC) 제형 추가 신청을 완료했다고 밝혔다. 이는 회사가 올해 2월 발표했던 '3개월 내 유럽 허쥬마SC 허가 신청 예정' 약속을 유예 없이 이행한 것이다.,피하주사로 투여 시간 단축&hellip;바이오시밀러 시장 경쟁력 강화 셀트리온은 30일 유럽의약품청(EMA)에 유방암 치료제 허쥬마(성분 트라스투주맙)의 피하주사(SC) 제형 추가 신청을 완료했다고 밝혔다. 이는 회사가 올해 2월 발표했던 '3개월 내 유럽 허쥬마SC 허가 신청 예정' 약속을 유예 없이 이행한 것이다.,local,10,로슈,,,0.8584700777200284,,1.0,0.8584700777200284,8.205574326424118,7.0,9.009290544040198,False
2026-04-30,Client,2026-04-28 15:56:00,Naver News,https://www.medicopharma.co.kr/news/articleView.html?idxno=67924,"아스텔라스, 전년 대비 영업익 8배 증가…신약이 성장 견인","아스텔라스가 신제품 중심의 성장 전략을 앞세워 실적 개선을 이뤘다. 기존 블록버스터 의존 구조에서 벗어나 신제품군이 실적을 견인하는 구조로 전환되고 있다는 점에서 의미가 크다는 평가다.28일 업계에 따르면, 아스텔라스는 2025 회계연도(2025년 4월~.","[메디코파마뉴스=이호빈 기자] 아스텔라스가 신제품 중심의 성장 전략을 앞세워 실적 개선을 이뤘다. 기존 블록버스터 의존 구조에서 벗어나 신제품군이 실적을 견인하는 구조로 전환되고 있다는 점에서 의미가 크다는 평가다.28일 업계에 따르면, 아스텔라스는 2025 회계연도(2025년 4월~",local,10,아스텔라스,,,0.8569145536392716,,1.0,0.8569145536392716,8.199041125284941,7.0,8.998401875474901,False
2026-04-30,BD,2026-04-30 17:04:00,Naver News,https://www.financialpost.co.kr/news/articleView.html?idxno=257553,"대웅제약·FMI, 美 '제너럴 프록시미티' 공동 투자",대웅제약은 최근 프리마인드 그룹 산하 벤처캐피털 프리마인드 인베스트먼트(FMI)와 함께 미국 바이오텍 제너럴 프록시미티(General Proximity)에 전략적 투자를 단행했다고 30일 밝혔다.이번 투자의 핵심은 '유도 근접(Induced Proximity)' 기반의 혁신 신약 플랫.,대웅제약은 최근 프리마인드 그룹 산하 벤처캐피털 프리마인드 인베스트먼트(FMI)와 함께 미국 바이오텍 제너럴 프록시미티(General Proximity)에 전략적 투자를 단행했다고 30일 밝혔다.이번 투자의 핵심은 '유도 근접(Induced Proximity)' 기반의 혁신 신약 플랫,local,10,BMS,,,0.8567110061954045,,1.0,0.8567110061954045,8.198186226020699,7.0,8.996977043367831,False
2026-04-30,Client,2026-04-27 05:02:00,Naver News,http://www.fntimes.com/html/view.php?ud=202604231010514510923defd0cc_18,"경영 정상화 ‘첫발’…동성제약, 모조리 바꿨다 [이사회 톺아보기] - 한국금융신문",동성제약이 유암코와 태광산업 컨소시엄을 새 주인으로 맞이했다. 새롭게 바뀐 동성제약은 신임 대표이사와 회계·법률 전문가 중심 이사회를 구성하며 경영 정상화에 속도를 내고 있다. 분쟁 리스크를 털어낸 동성제약이 대규모 자금 수혈과 경영 개편을 통해 실적 턴어라운드를 향한 의지를 다지는 모.,동성제약이 유암코와 태광산업 컨소시엄을 새 주인으로 맞이했다. 새롭게 바뀐 동성제약은 신임 대표이사와 회계·법률 전문가 중심 이사회를 구성하며 경영 정상화에 속도를 내고 있다. 분쟁 리스크를 털어낸 동성제약이 대규모 자금 수혈과 경영 개편을 통해 실적 턴어라운드를 향한 의지를 다지는 모,local,10,파마노비아,,,0.8561247816201536,,1.0,0.8561247816201536,8.195724082804645,7.0,8.992873471341074,False
2026-04-30,BD,2026-04-30 06:50:00,Naver News,https://www.dailymedi.com/news/news_view.php?wr_id=936100,에스티팜 ‘in vivo CAR-T’ 주목 …“고비용 해결”,﻿﻿﻿﻿에스티팜이 고가 세포치료제 구조를 근본적으로 바꾸는 ‘in vivo CAR-T’ 전략을 공개했다. 환자 세포를 체외에서 조작하는 기존 방식에서 벗어나 체내에서 직접 CAR 발현을 유도하는 접근으로 치료 접근성과 비용 문제를 동시에 해결하겠다는 구상이다.에스티팜은 4월 29일 서울 강남구 삼성동 코엑스에서 열린 ‘바이오 코리아 2026’에서  mRNA 기반 전달 기술과 circular RNA 플랫폼을 결합한 차세대 세포·유전자 치료 전략을 발표했다. 회사 측은 “CAR-T는 이미 효과가 입증된 치료제지만 제조 공정과 ….,﻿﻿﻿﻿에스티팜이 고가 세포치료제 구조를 근본적으로 바꾸는 ‘in vivo CAR-T’ 전략을 공개했다. 환자 세포를 체외에서 조작하는 기존 방식에서 벗어나 체내에서 직접 CAR 발현을 유도하는 접근으로 치료 접근성과 비용 문제를 동시에 해결하겠다는 구상이다.에스티팜은 4월 29일 서울 강남구 삼성동 코엑스에서 열린 ‘바이오 코리아 2026’에서  mRNA 기반 전달 기술과 circular RNA 플랫폼을 결합한 차세대 세포·유전자 치료 전략을 발표했다. 회사 측은 “CAR-T는 이미 효과가 입증된 치료제지만 제조 공정과 …,local,10,BMS,,,0.8559317991842894,,1.0,0.8559317991842894,8.194913556574015,7.0,8.991522594290025,False
2026-04-30,Client,2026-05-01 06:32:00,Naver News,https://www.tokenpost.kr/news/economy/355279,"일라이릴리, 비만치료제 성공으로 1분기 수익 170% 증가 - TokenPost","미국 제약사 일라이릴리가 비만치료제 판매 급증에 힘입어 2026년 1분기 수익성을 크게 끌어올리면서, 글로벌 비만치료제 시장 주도권 경쟁이 한층 뚜렷해졌다.일라이릴리는 4월 30일(현지시간) 공개한 실적 보고서에서 올해 1분기...","미국 제약사 일라이릴리가 비만치료제 판매 급증에 힘입어 2026년 1분기 수익성을 크게 끌어올리면서, 글로벌 비만치료제 시장 주도권 경쟁이 한층 뚜렷해졌다.일라이릴리는 4월 30일(현지시간) 공개한 실적 보고서에서 올해 1분기...",local,10,출시,,,0.8557258414144037,,1.0,0.8557258414144037,8.194048533940496,7.0,8.990080889900826,False
2026-04-30,Client,2026-04-30 11:25:00,Naver News,https://view.asiae.co.kr/article/2026043009280996217,"""특허·가격으로 글로벌 시장 뚫었다"" …K바이오, 선택과 집중","연매출 1조원 이상의 '글로벌 블록버스터' 신약이 탄생하기 위해서는 기술경쟁력뿐 아니라 완벽한 특허 전략, 프리미엄 가격 정책, 글로벌 직접판매 역량 등을 갖.","연매출 1조원 이상의 '글로벌 블록버스터' 신약이 탄생하기 위해서는 기술경쟁력뿐 아니라 완벽한 특허 전략, 프리미엄 가격 정책, 글로벌 직접판매 역량 등을 갖.",local,10,화이자,,,0.8554785615396219,,1.0,0.8554785615396219,8.193009958466412,7.0,8.988349930777353,False
2026-04-30,BD,2026-04-29 17:40:00,Naver News,https://www.etoday.co.kr/news/view/2580547,"파로스아이바이오, 바이오 코리아 참가⋯“AI∙양자컴퓨팅 기반 신약개발 전략 조명”",바이오 코리아 2026에 마련된 파로스아이바이오 부스. (사진제공=파로스아이바이오)파로스아이바이오는 서울 코엑스에서 열리는 '바이오 코리아 2026.,▲바이오 코리아 2026에 마련된 파로스아이바이오 부스. (사진제공=파로스아이바이오)파로스아이바이오는 서울 코엑스에서 열리는 '바이오 코리아 2026,local,10,CSO,,,0.8537915560082997,,1.0,0.8537915560082997,8.185924535234857,7.0,8.976540892058097,False
2026-04-30,BD,2026-04-30 12:18:00,Naver News,https://www.medipana.com/news/articleView.html?idxno=410655,"""차세대 신약개발, '모달리티 한계 극복'이 경쟁력 가른다"" - 메디파나뉴스","차세대 신약개발 경쟁의 초점이 신규 모달리티 확보에서 플랫폼 고도화로 이동하고 있다. ADC, TPD, RNAi, mRNA 기반.","[메디파나뉴스 = 최인환 기자] 차세대 신약개발 경쟁의 초점이 신규 모달리티 확보에서 플랫폼 고도화로 이동하고 있다. ADC, TPD, RNAi, mRNA 기반",local,10,특허만료,,,0.8530348243599642,,1.0,0.8530348243599642,8.182746262311849,7.0,8.971243770519749,False
2026-04-30,BD,2026-04-29 17:24:00,Naver News,http://www.docdocdoc.co.kr/news/articleView.html?idxno=3038829,"유전자치료제·mRNA 백신, 콜드체인 없이 상온 보관 가능해진다","콜드체인 없이도 상온에서 장기간 보관·전달할 수 있는 바이오의약품 플랫폼을 국내 연구진이 개발했다. 유전자 치료제와 mRNA 백신의 상용화를 가로 막아온 ‘보관 안정성’과 ‘전달 효율’ 문제를 해결할 가능성을 제시했다.한국과학기술연구원(KIST)은 생체재료연구센터 이효진 박사 연구팀이 동결보존제와 호환 가능한 나노다공성 구조 기반 바이오의약품 전달 플랫폼 ‘나노 뱅커 앤드 블로볼(Nano Banker & Blowball, NB²)’을 개발했다고 29일 밝혔다.유전자 치료제와 mRNA 백신, 단백질 치료제는 단백질·RNA 기반 특성상.","콜드체인 없이도 상온에서 장기간 보관·전달할 수 있는 바이오의약품 플랫폼을 국내 연구진이 개발했다. 유전자 치료제와 mRNA 백신의 상용화를 가로 막아온 ‘보관 안정성’과 ‘전달 효율’ 문제를 해결할 가능성을 제시했다.한국과학기술연구원(KIST)은 생체재료연구센터 이효진 박사 연구팀이 동결보존제와 호환 가능한 나노다공성 구조 기반 바이오의약품 전달 플랫폼 ‘나노 뱅커 앤드 블로볼(Nano Banker & Blowball, NB²)’을 개발했다고 29일 밝혔다.유전자 치료제와 mRNA 백신, 단백질 치료제는 단백질·RNA 기반 특성상",local,10,콜드체인,,,0.851951827994178,,1.0,0.851951827994178,8.178197677575547,7.0,8.963662795959245,False
2026-04-30,BD,2026-04-30 16:48:00,Naver News,https://www.smarttoday.co.kr/ko-kr/articles/107162,[바이오 디코드] 애브비 1분기 매출 150억달러 돌파…휴미라 빈자리 채...,애브비는 차세대 보툴리눔 독소인 트레니보툴리눔톡신E(trenibotE)의 생물학적제제 허가신청(BLA)과 관련해 FDA로부터 보완요구서한(CRL)을 수령했다. FDA는 서한을 통해 제조 공정에 대한 세부적인 추가 정보를... ,애브비는 차세대 보툴리눔 독소인 트레니보툴리눔톡신E(trenibotE)의 생물학적제제 허가신청(BLA)과 관련해 FDA로부터 보완요구서한(CRL)을 수령했다. FDA는 서한을 통해 제조 공정에 대한 세부적인 추가 정보를... ,local,10,생물학적제제,,,0.848517431221074,,1.0,0.848517431221074,8.163773211128511,7.0,8.939622018547517,False
2026-04-30,Client,2026-04-28 09:16:00,Naver News,https://jhealthmedia.joins.com/news/articleView.html?idxno=32449,[제약 단신] 노보 노디스크 비만 인식 개선 사이트 리뉴얼 外 - 헬스중앙,"노보 노디스크, 비만 인식 개선 사이트 새 단장한국 노보 노디스크 제약이 질환 인식 개선 웹사이트 ‘Truth About Weight(비만 바로 알기)를 새 단장.","노보 노디스크, 비만 인식 개선 사이트 새 단장한국 노보 노디스크 제약이 질환 인식 개선 웹사이트 ‘Truth About Weight(비만 바로 알기)를 새 단장",local,10,입센,,,0.842263176791372,,1.0,0.842263176791372,8.137505342523763,7.0,8.895842237539604,False
2026-04-30,BD,2026-04-30 17:56:00,Naver News,https://www.sedaily.com/article/20039299?ref=naver,[만화경] ‘LG사단’의 바이오 레거시,접근이 거부되었습니다 관리자에게 문의하세요 Email : 홈으로 돌아가기.,"403
접근이 거부되었습니다
관리자에게 문의하세요
Email : sscinfra@ssc.co.kr
홈으로 돌아가기",local,10,제네릭,,,0.8414683476520012,,1.0,0.8414683476520012,8.134167060138404,7.0,8.890278433564006,False
2026-04-30,BD,2026-05-01 05:23:00,Naver News,https://www.sidae.com/article/2026043009480997190,[시대데스크]수천조 바이오 신대륙 가로막는 관료주의 - 동행미디어 시대,"""정부가 경제를 보는 시각은 세 마디로 요약된다. 그것(경제)이 움직이면 세금을 매기고, 계속 움직이면 규제하고, 멈추면 보조금을 줘라."" 로널드 레이건 전 미국 대통령이 1980년대 재임 당시 자주 인용한 말이다.","""정부가 경제를 보는 시각은 세 마디로 요약된다. 그것(경제)이 움직이면 세금을 매기고, 계속 움직이면 규제하고, 멈추면 보조금을 줘라."" 로널드 레이건 전 미국 대통령이 1980년대 재임 당시 자주 인용한 말이다.",local,10,제네릭,,,0.8414513668021509,,1.0,0.8414513668021509,8.134095740569034,7.0,8.890159567615056,False
2026-04-30,Client,2026-04-29 05:48:00,Naver News,http://www.medisobizanews.com/news/articleView.html?idxno=137952,"동아ST-입센 ‘깐부 작전’ 적중…디페렐린, 분기 매출 100억 ‘성큼’",동아에스티와 입센코리아가 공동 판매에 나선 성조숙증ㆍ전립선암 치료제 ‘디페렐린’이 분기 매출 100억원 돌파를 눈앞에 두고 있는 것으로 나타났다. 양사 공동 판매 협약 이후 뚜렷한 성장세를 보이면서 전략적 영업 협업 대표적 성공 사례로 평가받고 있다.29일 의약품 시장조사기관 아이큐비아에 따르면 디페렐린 매출액은 2020년 100억원대에서 2023년 300억원대로 급증했다. 2023년 이후에는 성장폭이 한풀 꺾이면서 입센코리아는 영업망 확대를 통한 재도약을 위해 지난해 하반기 동아에스티와 공동 판매 체계를 구축했다.,동아에스티와 입센코리아가 공동 판매에 나선 성조숙증ㆍ전립선암 치료제 ‘디페렐린’이 분기 매출 100억원 돌파를 눈앞에 두고 있는 것으로 나타났다. 양사 공동 판매 협약 이후 뚜렷한 성장세를 보이면서 전략적 영업 협업 대표적 성공 사례로 평가받고 있다.29일 의약품 시장조사기관 아이큐비아에 따르면 디페렐린 매출액은 2020년 100억원대에서 2023년 300억원대로 급증했다. 2023년 이후에는 성장폭이 한풀 꺾이면서 입센코리아는 영업망 확대를 통한 재도약을 위해 지난해 하반기 동아에스티와 공동 판매 체계를 구축했다. 양사는,local,10,입센,,,0.8391328951296503,,1.0,0.8391328951296503,8.124358159544531,7.0,8.873930265907552,False
2026-04-30,Client,2026-04-30 06:00:00,Naver News,https://www.apsk.co.kr/news/articleView.html?idxno=539261,[기업레이더-삼성바이오에피스②] 바이오시밀러 20종 시대…신약 전환 '브릿지' 완성 - 메디팜스투데이,"삼성바이오에피스가 바이오시밀러 포트폴리오 확대를 중심으로 성장 속도를 끌어올리고 있다. 신약 개발 기반을 확보하기 위한 전략적 선택으로, 기존 핵심 사업인 바이오.","삼성바이오에피스가 바이오시밀러 포트폴리오 확대를 중심으로 성장 속도를 끌어올리고 있다. 신약 개발 기반을 확보하기 위한 전략적 선택으로, 기존 핵심 사업인 바이오",local,10,바이오젠,,,0.8391261673628438,,1.0,0.8391261673628438,8.124329902923945,7.0,8.873883171539907,False
2026-04-30,BD,2026-04-28 09:46:00,Naver News,http://dream.kotra.or.kr/kotranews/cms/news/actionKotraBoardDetail.do?SITE_NO=3&MENU_ID=180&CONTENTS_NO=1&bbsGbn=243&bbsSn=243&pNttSn=240843,특허 만료와 정책 지원의 맞물림…인도 바이오시밀러 황금기,"인도는 특허 만료와 정책 지원으로 항암·당뇨 바이오시밀러 산업을 본격 육성 중으로 품질 중심 글로벌 거점으로 도약 중인 만큼 공정 기술, 소부장, 공동 개발 등 상호보.","인도는 특허 만료와 정책 지원으로 항암&middot;당뇨 바이오시밀러 산업을 본격 육성 중으로 품질 중심 글로벌 거점으로 도약 중인 만큼 공정 기술, 소부장, 공동 개발 등 상호보",local,10,특허만료,,,0.838987023557542,,1.0,0.838987023557542,8.123745498941677,7.0,8.872909164902794,False
2026-04-30,Client,2026-04-29 09:50:00,Naver News,https://www.yakup.com/news/index.html?mode=view&cat=12&nid=326624,"[약업신문]캐나다 온타리오, K-바이오 북미 진출 전략적 거점 부각",캐나다 온타리오주 투자유치기관 인베스트 온타리오(Invest Ontario)가 28일부터 서울에서 열리고 있는 ‘바이오 코리아 2026’에 참가해 북미 진출을 모색하는 한국 바이오 기업들과 네트워킹을 갖는다.최근 글로...,캐나다 온타리오주 투자유치기관 인베스트 온타리오(Invest Ontario)가 28일부터 서울에서 열리고 있는 ‘바이오 코리아 2026’에 참가해 북미 진출을 모색하는 한국 바이오 기업들과 네트워킹을 갖는다.최근 글로...,local,10,애보트,,,0.8386697979501982,,1.0,0.8386697979501982,8.122413151390832,7.0,8.870688585651386,False
2026-04-30,BD,2026-04-30 13:14:00,Naver News,https://www.biospectator.com/view/news_view.php?varAtcId=28582,"대웅제약, '유도근접 치료제' 개발 美제너럴에 투자",대웅제약(Daewoong Pharmaceutical)은 투자사 프리마인드 인베스트먼트(FreeMind Investments)와 유도근접(induced proximity) 기반 치료제를 개발하는 미국 바이오텍 제너럴.,대웅제약(Daewoong Pharmaceutical)은 투자사 프리마인드 인베스트먼트(FreeMind Investments)와 유도근접(induced proximity) 기반 치료제를 개발하는 미국 바이오텍 제너럴,local,10,다이이찌산쿄,,,0.8384469035458747,,1.0,0.8384469035458747,8.121476994892674,7.0,8.869128324821123,False
2026-04-30,BD,2026-04-30 18:18:00,Naver News,http://www.fnnews.com/news/202604301815333820,"삼성바이오, 美 빅파마 '릴리'와 협업... 스타트업 육성 '오픈 이노베이션' 구축","삼성바이오, 美 빅파마 '릴리'와 협업... 스타트업 육성 '오픈 이노베이션' 구축 삼성바이오로직스가 미국의 빅파마인 일라이 릴리와 손잡고 국내 바이오 스타트업의 글로벌 진출을 지원하는 오픈 이노베이션 플랫폼을 구축했다. 특히 삼성바이오로직스의 위탁개발 역량과 글로벌 생산 인프라가 결합되면서, 기술 개발 이후 상업화 단계까지 이어지는 '연결형 생태계' 구축이 가능해질 전망이다.","삼성바이오, 美 빅파마 '릴리'와 협업... 스타트업 육성 '오픈 이노베이션' 구축
삼성바이오로직스가 미국의 빅파마인 일라이 릴리와 손잡고 국내 바이오 스타트업의 글로벌 진출을 지원하는 오픈 이노베이션 플랫폼을 구축했다.
특히 삼성바이오로직스의 위탁개발 역량과 글로벌 생산 인프라가 결합되면서, 기술 개발 이후 상업화 단계까지 이어지는 '연결형 생태계' 구축이 가능해질 전망이다.
이상명 삼성바이오로직스 상무는 ""삼성바이오로직스가 단기간에 글로벌 1위로 성장할 수 있었던 것은 한국 바이오 에코시스템의 우수한 인재와 인프라 덕분이었다""며 ""이제는 우리가 가진 고객 네트워크와 기술력을 후배 기업들에게 돌려줄 차례""라고 밝혔다.",local,10,라이선스,,,0.8358516597139265,,1.0,0.8358516597139265,8.11057697079849,7.0,8.850961617997484,False
2026-04-30,Client,2026-04-30 07:01:00,Naver News,https://www.newsis.com/view/NISX20260429_0003611744,"""K-바이오에 꽂혔다""…뭉칫돈 베팅하는 글로벌 빅파마","한국의 신약 개발 기술과 바이오의약품 생산 역량에 글로벌 자금이 투입되고 있다. 글로벌 대형 제약기업들이 잇달아 투자를 결정했다. 30일 관련업계에 따르면 노보 홀딩스, 일라이 릴리, 로슈 등 빅파마들이 한국 바이오헬스케어 시장에 수천억원대 투자를 결정했다.비만치료제 '위고비'로 유명한 노보 노디스크의 지주회사 겸 투자회사 노..","[서울=뉴시스]송연주 기자 = 한국의 신약 개발 기술과 바이오의약품 생산 역량에 글로벌 자금이 투입되고 있다. 글로벌 대형 제약기업들이 잇달아 투자를 결정했다. 30일 관련업계에 따르면 노보 홀딩스, 일라이 릴리, 로슈 등 빅파마들이 한국 바이오헬스케어 시장에 수천억원대 투자를 결정했다.비만치료제 '위고비'로 유명한 노보 노디스크의 지주회사 겸 투자회사 노..",local,10,로슈,,,0.8348942932450694,,1.0,0.8348942932450694,8.10655603162929,7.0,8.844260052715486,False
2026-04-30,Client,2026-04-29 21:34:00,Naver News,https://www.idaegu.co.kr/news/articleView.html?idxno=546745,"동산병원, 양방향 무전극선 심박기 국내 첫 이식 - 대구신문",계명대학교 동산병원이 차세대 심장 치료기술의 첫 적용 무대가 됐다. 국내 최초로 양방향 무전극선 심박기 이식에 성공하며 부정맥 치료 분야에서 기술 선도 사례를 만.,계명대학교 동산병원이 차세대 심장 치료기술의 첫 적용 무대가 됐다. 국내 최초로 양방향 무전극선 심박기 이식에 성공하며 부정맥 치료 분야에서 기술 선도 사례를 만,local,10,애보트,,,0.8344154736295927,,1.0,0.8344154736295927,8.104544989244289,7.0,8.840908315407148,False
2026-04-30,Client,2026-04-29 06:02:00,Naver News,https://www.kukinews.com/article/view/kuk202604280251,"회생절차 마친 동성제약, 최용석 체제 출범…경영 정상화 시동",경영권 분쟁과 유동성 위기로 상장폐지 기로에 섰던 동성제약이 ‘오너 경영’ 체제를 끝내고 전문경영인 중심의 지배구조로 전환한다.,경영권 분쟁과 유동성 위기로 상장폐지 기로에 섰던 동성제약이 ‘오너 경영’ 체제를 끝내고 전문경영인 중심의 지배구조로 전환한다. 기업회,local,10,파마노비아,,,0.8343342531242957,,1.0,0.8343342531242957,8.104203863122041,7.0,8.84033977187007,False
2026-04-30,Client,2026-04-30 06:00:00,Naver News,https://www.dailymedi.com/news/news_view.php?wr_id=936065,대형제약사에 글로벌사도 빠진 ‘바이오코리아’,"﻿﻿﻿﻿국내 대표 바이오헬스 국제행사인 바이오코리아 전시관에서 국내 대형 제약바이오 기업들 존재감이 지난해보다 크게 줄어든 것으로 나타났다.보건복지부(장관 조규홍)와 한국보건산업진흥원(원장 차순도)은 지난 28일 서울 코엑스에서 ‘바이오 코리아(BIO KOREA) 2026’을 개최했다. 행사는 오늘(30일)까지 진행된다.올해로 21번째를 맞는 바이오코리아 2026은 국내 상위 제약사 중 유한양행, 에스티팜이 지난해에 이어 대형 전시부스를 마련했다. 다만 부스 참여가 최근 몇 년 중 가장 저조한 수준으로 나타났다.지난해 열린 바이오코….","﻿﻿﻿﻿국내 대표 바이오헬스 국제행사인 바이오코리아 전시관에서 국내 대형 제약바이오 기업들 존재감이 지난해보다 크게 줄어든 것으로 나타났다.보건복지부(장관 조규홍)와 한국보건산업진흥원(원장 차순도)은 지난 28일 서울 코엑스에서 ‘바이오 코리아(BIO KOREA) 2026’을 개최했다. 행사는 오늘(30일)까지 진행된다.올해로 21번째를 맞는 바이오코리아 2026은 국내 상위 제약사 중 유한양행, 에스티팜이 지난해에 이어 대형 전시부스를 마련했다. 다만 부스 참여가 최근 몇 년 중 가장 저조한 수준으로 나타났다.지난해 열린 바이오코…",local,10,로슈,,,0.8340601898182001,,1.0,0.8340601898182001,8.10305279723644,7.0,8.8384213287274,False
2026-04-30,Client,2026-04-30 14:48:00,Naver News,http://www.kmedinfo.co.kr/news/articleView.html?idxno=95762,"암젠코리아, ‘바이오데이’ 통해 국내 바이오 협력 확대",암젠코리아가 국내 바이오 기업과의 협력 접점을 넓히기 위한 오픈이노베이션 프로그램을 열고 글로벌 연구개발(R&D) 전략과 기술 동향을 소개했다.암젠코리아는 28일부터 30일까지 서울 코엑스에서 열린 ‘BIO KOREA 2026’ 기간 중 오픈이노베이션 프로그램 ‘바이오데이(Bio Da.,암젠코리아가 국내 바이오 기업과의 협력 접점을 넓히기 위한 오픈이노베이션 프로그램을 열고 글로벌 연구개발(R&D) 전략과 기술 동향을 소개했다.암젠코리아는 28일부터 30일까지 서울 코엑스에서 열린 ‘BIO KOREA 2026’ 기간 중 오픈이노베이션 프로그램 ‘바이오데이(Bio Da,local,10,암젠,,,0.8315453436152144,,1.0,0.8315453436152144,8.0924904431839,7.0,8.8208174053065,False
2026-04-30,BD,2026-04-30 10:32:00,Naver News,https://www.newstnt.com/news/articleView.html?idxno=700711,[제약브리핑]100년 전통과 차세대 기술 결집...국내 제약사들 글로벌 시장 공략 가속 - 뉴스티앤티,"국내 주요 제약사들이 창립 100주년을 맞아 기업의 역사성과 브랜드 가치를 재조명하는 한편, 글로벌 신약 경쟁력을 강화하기 위한 기술 확보에 속도를 내고 있다.유.","국내 주요 제약사들이 창립 100주년을 맞아 기업의 역사성과 브랜드 가치를 재조명하는 한편, 글로벌 신약 경쟁력을 강화하기 위한 기술 확보에 속도를 내고 있다.유",local,10,다이이찌산쿄,,,0.8300920650213747,,1.0,0.8300920650213747,8.086386673089773,7.0,8.810644455149623,False
2026-04-30,Client,2026-04-29 15:54:00,Naver News,https://www.financialpost.co.kr/news/articleView.html?idxno=257361,[현장] 글로벌 빅파마 집결한 'BIO KOREA 2026',"국내 최대 바이오헬스 산업 축제인 '바이오 코리아(BIO KOREA) 2026'이 지난 28일부터 서울 코엑스에서 개최되고 있다. 이번 행사는 전 세계 59개국 775개사가 참여하며, 단순한 기술 전시를 넘어 글로벌 비즈니스 협력의 장으로 자리매김하고 있다.올해로 21회째를 맞이한 이.","국내 최대 바이오헬스 산업 축제인 '바이오 코리아(BIO KOREA) 2026'이 지난 28일부터 서울 코엑스에서 개최되고 있다. 이번 행사는 전 세계 59개국 775개사가 참여하며, 단순한 기술 전시를 넘어 글로벌 비즈니스 협력의 장으로 자리매김하고 있다.올해로 21회째를 맞이한 이",local,10,바이엘,,,0.8267606048742192,,1.0,0.8267606048742192,8.07239454047172,7.0,8.787324234119534,False
2026-04-30,Client,2026-04-30 14:58:00,Naver News,https://www.thelec.kr/news/articleView.html?idxno=55935,"일라이릴리, 비만약 다음 승부수는 '유전자 치료제' - 디일렉(THE ELEC)",일라이릴리가 비만 치료제 '마운자로'를 통해 확보한 대규모 현금을 바탕으로 유전자 치료제 개발에 속도를 낸다. 알지노믹스 등 국내 유전자 치료제 기업과의 협력 사.,일라이릴리가 비만 치료제 '마운자로'를 통해 확보한 대규모 현금을 바탕으로 유전자 치료제 개발에 속도를 낸다. 알지노믹스 등 국내 유전자 치료제 기업과의 협력 사,local,10,마운자로,,,0.825087828097676,,1.0,0.825087828097676,8.065368878010238,7.0,8.775614796683731,False
2026-04-30,BD,2026-04-30 05:02:00,Naver News,https://www.smarttoday.co.kr/ko-kr/articles/106961,"[삼성바이오로직스 15년사] ⑦인류의 위기 앞에 나서다, 코로나19 백신 ...",물리적 거리에 따른 의약품 운송 과정을 생략하여 콜드체인 유지에 따른 품질 저하 위험을 차단하고 전반적인 제품 납기를 대폭 단축하는 밸류체인을 갖추었다. 이러한 일원화된 서비스 구축은 고객사의 공급망 관리를... ,물리적 거리에 따른 의약품 운송 과정을 생략하여 콜드체인 유지에 따른 품질 저하 위험을 차단하고 전반적인 제품 납기를 대폭 단축하는 밸류체인을 갖추었다. 이러한 일원화된 서비스 구축은 고객사의 공급망 관리를... ,local,10,콜드체인,,,0.8242086932713818,,1.0,0.8242086932713818,8.061676511739805,7.0,8.769460852899673,False
2026-04-30,Client,2026-04-27 17:22:00,Naver News,https://www.hankyung.com/article/2026042700721,"""이제 엄마 목소리가 들리니?""…기적 만드는 약물 전달체 기술","""이제 엄마 목소리가 들리니?""…기적 만드는 약물 전달체 기술, 바이오 스쿨 유전성 난청 치료혁신 '주역'.","""이제 엄마 목소리가 들리니?""…기적 만드는 약물 전달체 기술, 바이오 스쿨 유전성 난청 치료혁신 '주역'",local,10,리제네론,,,0.8201285970814266,,1.0,0.8201285970814266,8.044540107741993,7.0,8.740900179569987,False
2026-04-30,BD,2026-04-30 16:20:00,Naver News,https://www.megaeconomy.co.kr/news/newsview.php?ncode=1065597299137735,"SK바사, 송도 R&PD 센터 LEED 골드 인증…ESG 인프라 고도화","SK바사, 송도 R&PD 센터 LEED 골드 인증…ESG 인프라 고도화 [메가경제=김민준 기자] SK바이오사이언스의 인천 송도 글로벌 R&PD 센터가 친환경 건축 인증인 LEED 골드 등급을 획득했다. 연구 거점에 에너지 효율과 자원 절감 설계를 적용해 지속가능성을 확보했다는 평가다     SK바이오사이언스는 인천 송도에 위치한 ‘글로벌 R&PD 센터’가 미국 그린빌딩위원회(USGBC)의 LEED(Leadersh.","SK바사, 송도 R&PD 센터 LEED 골드 인증…ESG 인프라 고도화 [메가경제=김민준 기자] SK바이오사이언스의 인천 송도 글로벌 R&PD 센터가 친환경 건축 인증인 LEED 골드 등급을 획득했다. 연구 거점에 에너지 효율과 자원 절감 설계를 적용해 지속가능성을 확보했다는 평가다     SK바이오사이언스는 인천 송도에 위치한 ‘글로벌 R&PD 센터’가 미국 그린빌딩위원회(USGBC)의 LEED(Leadersh",local,10,백신,,,0.8123639035214323,,1.0,0.8123639035214323,8.011928394790015,7.0,8.686547324650025,False
2026-04-30,Client,2026-04-29 21:08:00,Naver News,https://www.newsis.com/view/NISX20260429_0003611666,"""가스 찬 줄 알았는데 담낭 괴사""…비만주사 직구한 英남성의 비극",온라인에서 체중 감량 주사를 직접 구입해 30㎏ 이상을 감량한 40대 영국 남성이 심각한 담낭염에 걸려 죽을 고비를 넘긴 사연이 전해졌다.28일(현지시각) 영국 데일리메일에 따르면 미국 맨체스터 올덤 출신의 에드 랭미드(44·남)는 최근 비만 치료제 '마운자로'를 투여한 뒤 담낭이 썩어들어가는 괴저성 담낭염으로 응급 수술..,[서울=뉴시스]정우영 인턴 기자 = 온라인에서 체중 감량 주사를 직접 구입해 30㎏ 이상을 감량한 40대 영국 남성이 심각한 담낭염에 걸려 죽을 고비를 넘긴 사연이 전해졌다.28일(현지시각) 영국 데일리메일에 따르면 미국 맨체스터 올덤 출신의 에드 랭미드(44·남)는 최근 비만 치료제 '마운자로'를 투여한 뒤 담낭이 썩어들어가는 괴저성 담낭염으로 응급 수술..,local,10,마운자로,,,0.8730035169939419,,1.0,0.8730035169939419,7.066614771374557,4.0,9.111024618957593,False
2026-04-30,Client,2026-04-30 16:38:00,Naver News,https://news.einfomax.co.kr/news/articleView.html?idxno=4412736,"일라이 릴리, 오늘밤 실적 발표…'먹는 비만약' 파운다요 데뷔 성적표는","글로벌 제약사 일라이 릴리(NYS:LLY)가 30일(미국 현지시각) 뉴욕 장 시작 전 1분기 실적을 발표한다.일라이 릴리는 이번 시즌 제약 섹터에서 가장 먼저 실적을 발표하는 기업으로 일라이 릴리의 실적이 제약 섹터의 가늠자 역할을 할 것으로 전망된다.야후파이낸스와 인베스토피디아에 따르면, 월가는 일라이 릴리의 1분기 매출이 174억5천만 달러(약 25조9천억 원) 로 전년 동기대비 36~40% 가량 증가할 것으로 보고 있다.조정 주당순이익(EPS)은 전년 대비 두 배 이상 늘어난 6.77달러에 달할 것으로 예상된다.매출 확대와.","글로벌 제약사 일라이 릴리(NYS:LLY)가 30일(미국 현지시각) 뉴욕 장 시작 전 1분기 실적을 발표한다.일라이 릴리는 이번 시즌 제약 섹터에서 가장 먼저 실적을 발표하는 기업으로 일라이 릴리의 실적이 제약 섹터의 가늠자 역할을 할 것으로 전망된다.야후파이낸스와 인베스토피디아에 따르면, 월가는 일라이 릴리의 1분기 매출이 174억5천만 달러(약 25조9천억 원) 로 전년 동기대비 36~40% 가량 증가할 것으로 보고 있다.조정 주당순이익(EPS)은 전년 대비 두 배 이상 늘어난 6.77달러에 달할 것으로 예상된다.매출 확대와",local,10,릴리,,,0.844203079506944,,1.0,0.844203079506944,6.945652933929164,4.0,8.909421556548606,False
2026-04-30,Supply Issues,2026-04-30 05:52:00,Naver News,https://www.kpanews.co.kr/news/articleView.html?idxno=533992,"유통협, 블록형 거점도매 투쟁 국회로 확대 - 약사공론","한국의약품유통협회가 대웅제약의 '블록형 거점도매' 정책 철회를 요구하며 국회 앞 1인 시위에 돌입한다. 대웅제약 본사 앞 릴레이 시위, 차량 스티커 부착, 단체집.","한국의약품유통협회가 대웅제약의 '블록형 거점도매' 정책 철회를 요구하며 국회 앞 1인 시위에 돌입한다. 대웅제약 본사 앞 릴레이 시위, 차량 스티커 부착, 단체집",local,2,품절,,,0.5217269311948971,,0.2,0.5217269311948971,5.751253111018569,8.0,4.25208851836428,False
2026-04-30,Product Approval,2026-04-30 21:38:00,Naver News,https://www.getnews.co.kr/news/articleView.html?idxno=869182,"[제약단신]유한양행, 창립 100주년 기념 '삐콤씨 파워 100정' 한정판 출시 外 종근당·휴젤",유한양행이 창립 100주년을 기념해 종합비타민 브랜드 '삐콤씨'의 한정판 제품인 '삐콤씨 파워 100정'을 출시했다고 30일 밝혔다. 이번 제품은 1963년 영양.,유한양행이 창립 100주년을 기념해 종합비타민 브랜드 '삐콤씨'의 한정판 제품인 '삐콤씨 파워 100정'을 출시했다고 30일 밝혔다. 이번 제품은 1963년 영양,local,2,제형,,,0.3272474987446082,,0.2,0.3272474987446082,5.734439494727354,10.0,2.890732491212257,False
2026-04-30,Reimbursement,2026-04-30 20:40:00,Naver News,https://medicalworldnews.co.kr/news/view.php?idx=1510974418,"중증소아 재가치료 의료기기 3종, 5월부터 건보 적용","요양비 급여를 5월 1일부터 확대 적용한다. ◆재가치료 의료기기 급여 3종→6종 확대 그동안 병원이 아닌 가정에서 치료 중인 중증 소아환자에게는 인공호흡기, 산소발생기, 기침유발기 등 3종만 요양비로 지원됐다. 이... ","요양비 급여를 5월 1일부터 확대 적용한다. ◆재가치료 의료기기 급여 3종→6종 확대 그동안 병원이 아닌 가정에서 치료 중인 중증 소아환자에게는 인공호흡기, 산소발생기, 기침유발기 등 3종만 요양비로 지원됐다. 이... ",local,2,급여,,,0.417827597229099,,0.2,0.417827597229099,5.714875908362216,9.0,3.524793180603693,False
2026-04-30,Client,2026-04-24 06:12:00,Naver News,https://www.hitnews.co.kr/news/articleView.html?idxno=75680,"작년 500대 대중광고 기업에 제약사 44곳 진입, 5793억 지출",제약기업들의 지난해 대중광고 활동이 활발했다. 한국광고총연합회가 집계하는 대중광고 500대 기업에 이름을 올린 제약기업이 대폭 늘었다. 게다가 광고금액 자체를 늘린 기업도 많다. 그 만큼 제약 대중광고가 활성화 됐다는 의미이다. 특히 다국적제약 기업들의 대중광고비 증가율이 눈에 띄었는데 직접적 제품 광고도 있지만 캠페인성 광고가 주를 이뤄 눈길을 끌었다.가 한국광고총연합회 '월간광고계 동향'(자료제공: 닐슨코리아)을 토대로 '2025년 상위 500大 광고업체 중 제약사 현황'을 집계했다.,제약기업들의 지난해 대중광고 활동이 활발했다. 한국광고총연합회가 집계하는 대중광고 500대 기업에 이름을 올린 제약기업이 대폭 늘었다. 게다가 광고금액 자체를 늘린 기업도 많다. 그 만큼 제약 대중광고가 활성화 됐다는 의미이다. 특히 다국적제약 기업들의 대중광고비 증가율이 눈에 띄었는데 직접적 제품 광고도 있지만 캠페인성 광고가 주를 이뤄 눈길을 끌었다.가 한국광고총연합회 '월간광고계 동향'(자료제공: 닐슨코리아)을 토대로 '2025년 상위 500大 광고업체 중 제약사 현황'을 집계했다. (다만 내부계약에 따라 채널 또는,local,10,헤일리온,,,0.892402216121696,,1.0,0.892402216121696,5.548089307711122,0.0,9.246815512851871,False
2026-04-30,Client,2026-04-30 06:24:00,Naver News,http://www.docdocdoc.co.kr/news/articleView.html?idxno=3038818,"에이비엘 ""교차투여 감안하면 토베시미그 OS 해석 달라져""","담도암 2차 치료제로 개발 중인 이중특이항체 '토베시미그(tovecimig, CTX-009, ABL001)' 병용요법의 COMPANION-002 결과를 두고 임상 현장에서 신중론이 제기된 가운데, 원개발사인 에이비엘바이오가 전체 생존기간(OS) 해석에는 교차투여(cross-over) 영향을 함께 고려해야 한다는 입장을 밝혔다.에이비엘바이오 이상훈 대표는 지난 29일 청년의사와의 통화에서 ""이번 연구는 1차 평가변수인 객관적 반응률(Objective Response Rate, ORR)을 충족했고, 무진행 생존기간(Progression.","담도암 2차 치료제로 개발 중인 이중특이항체 '토베시미그(tovecimig, CTX-009, ABL001)' 병용요법의 COMPANION-002 결과를 두고 임상 현장에서 신중론이 제기된 가운데, 원개발사인 에이비엘바이오가 전체 생존기간(OS) 해석에는 교차투여(cross-over) 영향을 함께 고려해야 한다는 입장을 밝혔다.에이비엘바이오 이상훈 대표는 지난 29일 청년의사와의 통화에서 ""이번 연구는 1차 평가변수인 객관적 반응률(Objective Response Rate, ORR)을 충족했고, 무진행 생존기간(Progression",local,10,한독,,,0.8903352394644188,,1.0,0.8903352394644188,5.539408005750558,0.0,9.23234667625093,False
2026-04-30,Client,2026-04-30 11:12:00,Naver News,https://www.medicopharma.co.kr/news/articleView.html?idxno=67961,"아스트라제네카, 천식 신약 ‘아툴리플라폰’ 2상 실패로 개발 중단",아스트라제네카가 천식 치료제로 개발 중이던 FLAP 억제제 ‘아툴리플라폰(atuliflapon)’의 임상 2상에서 유효성을 입증하지 못하면서 해당 프로그램을 중단했다.30일 업계에 따르면 아스트라제네카는 1분기 실적 자료를 통해 중등도에서 중증 조절되지.,[메디코파마뉴스=이호빈 기자] 아스트라제네카가 천식 치료제로 개발 중이던 FLAP 억제제 ‘아툴리플라폰(atuliflapon)’의 임상 2상에서 유효성을 입증하지 못하면서 해당 프로그램을 중단했다.30일 업계에 따르면 아스트라제네카는 1분기 실적 자료를 통해 중등도에서 중증 조절되지,local,10,아스트라제네카,,,0.8840588495268822,,1.0,0.8840588495268822,5.513047168012905,0.0,9.188411946688175,False
2026-04-30,Client,2026-04-30 06:00:00,Naver News,https://www.apsk.co.kr/news/articleView.html?idxno=539262,"현대약품, 'GPR40 신약' 재시동…전략 정비 후 1상 착수 - 메디팜스투데이",현대약품이 한동안 정체됐던 GPR40 계열 신약 개발에 다시 시동을 걸었다. 다만 글로벌 임상 전략에는 변화 조짐이 감지되며 향후 개발 방향에 관심이 쏠린다.현대.,현대약품이 한동안 정체됐던 GPR40 계열 신약 개발에 다시 시동을 걸었다. 다만 글로벌 임상 전략에는 변화 조짐이 감지되며 향후 개발 방향에 관심이 쏠린다.현대,local,10,현대약품,,,0.8692678007410488,,1.0,0.8692678007410488,5.450924763112405,0.0,9.084874605187341,False
2026-04-30,Product Approval,2026-05-01 06:12:00,Naver News,https://www.yna.co.kr/view/AKR20260501008651091?input=1195m,"애플, 분기매출 164조원…""칩 공급부족에 아이폰 판매제약""(종합) | 연합뉴스","아이폰 제조사 애플이 1∼3월 분기 최고 매출을 기록했지만, 칩 공급 부족으로 아이폰 판매량은 시장 ...","(샌프란시스코=연합뉴스) 권영전 특파원 = 아이폰 제조사 애플이 1∼3월 분기 최고 매출을 기록했지만, 칩 공급 부족으로 아이폰 판매량은 시장 ...",local,2,출시,,,0.25816478542035354,,0.2,0.25816478542035354,5.444292098765485,10.0,2.4071534979424745,False
2026-04-30,Client,2026-04-29 16:36:00,Naver News,https://www.mt.co.kr/thebio/2026/04/29/2026042915273263598,"에이비엘, 담도암 임상 해석 분분…""핵심 플랫폼 가치는 여전"" - 머니투데이",일각에선 에이비엘바이오 기업가치 평가의 핵심 요소는 '그랩바디-B'와 '그랩바디-T' 등 플랫폼 기술인 만큼 이번 임상 결과가 기업 가치에 미치는 영향은 제한적일 것이란 분석이 나온다.,일각에선 에이비엘바이오 기업가치 평가의 핵심 요소는 '그랩바디-B'와 '그랩바디-T' 등 플랫폼 기술인 만큼 이번 임상 결과가 기업 가치에 미치는 영향은 제한적일 것이란 분석이 나온다.,local,10,사노피,,,0.8578412330694279,,1.0,0.8578412330694279,5.402933178891597,0.0,9.004888631485995,False
2026-04-30,BD,2026-04-30 18:58:00,Naver News,http://www.docdocdoc.co.kr/news/articleView.html?idxno=3038867,"""AI가 대세""…지난해 AI 의료기기 허가 41% 급증","지난해 국내 의료제품 시장은 '디지털 전환'과 '국산 신약의 약진'으로 요약된다. 특히 AI 기반 의료기기 허가가 전년 대비 40% 넘게 급증하고, 불면증에 머물던 디지털치료기기(DTx)의 적응증이 소아 ADHD와 섭식장애까지 넓어지며 헬스케어의 물리적 경계가 빠르게 허물어지고 있을 보여줬다.식품의약품안전처가 30일 발간한 '2025년 의료제품 허가보고서'에 따르면, 작년 한 해 동안 의약품 1,397개, 의료기기 7,675개 품목이 시장에 새로 진입했다. 이 중 의약품은 ▲신약·개량신약 허가 품목 수 증가 ▲'당뇨병용제' 중심 허.","지난해 국내 의료제품 시장은 '디지털 전환'과 '국산 신약의 약진'으로 요약된다. 특히 AI 기반 의료기기 허가가 전년 대비 40% 넘게 급증하고, 불면증에 머물던 디지털치료기기(DTx)의 적응증이 소아 ADHD와 섭식장애까지 넓어지며 헬스케어의 물리적 경계가 빠르게 허물어지고 있을 보여줬다.식품의약품안전처가 30일 발간한 '2025년 의료제품 허가보고서'에 따르면, 작년 한 해 동안 의약품 1,397개, 의료기기 7,675개 품목이 시장에 새로 진입했다. 이 중 의약품은 ▲신약·개량신약 허가 품목 수 증가 ▲'당뇨병용제' 중심 허",local,10,백신,,,0.8528910861647557,,1.0,0.8528910861647557,5.382142561891974,0.0,8.97023760315329,False
2026-04-30,Client,2026-04-30 11:14:00,Naver News,https://www.newsway.co.kr/news/view?ud=2026043001262167683,"빅파마가 바꾼 게임··· K-바이오, '수혜' 아닌 '증명'의 시간 - 뉴스웨이","글로벌 빅파마의 1분기 실적 발표가 K-바이오 기업의 새로운 평가 기준으로 부상했다. 단순 호재 기대보다 기술수출 자산의 실제 매출화가 경쟁력 척도가 되고, 특허 만료·약가 압박 속 플랫폼·신약 혁신이 요구된다. 바이오시밀러·신약 기업 모두 빅파마 임상 데이터와 직접 경쟁하며 기술·임상 데이터를 입증해야 하는 증명 국면에 진입했다.","글로벌 빅파마의 1분기 실적 발표가 K-바이오 기업의 새로운 평가 기준으로 부상했다. 단순 호재 기대보다 기술수출 자산의 실제 매출화가 경쟁력 척도가 되고, 특허 만료·약가 압박 속 플랫폼·신약 혁신이 요구된다. 바이오시밀러·신약 기업 모두 빅파마 임상 데이터와 직접 경쟁하며 기술·임상 데이터를 입증해야 하는 증명 국면에 진입했다.",local,10,사노피,,,0.8434255591925698,,1.0,0.8434255591925698,5.342387348608793,0.0,8.903978914347988,False
2026-04-30,BD,2026-04-29 06:12:00,Naver News,https://www.hitnews.co.kr/news/articleView.html?idxno=75770,"올릭스 ""비만·근육·CNS까지... RNA 핵심 플레이어 부상""","올릭스가 간 조직을 넘어 지방조직과 중추신경계(CNS)로 리보핵산 간섭(RNAi) 치료제의 표적 범위를 넓히는 'OASIS 2.0' 전략을 수립하고 본격적인 기술 고도화에 나섰다.이동기 올릭스 대표는 28일 서울 코엑스에서 열린 '바이오코리아 2026'에서 특히 간 조직에 국한되었던 기존의 한계에서 벗어나 대사 질환 및 신경퇴행성 질환 시장으로 파이프라인 확장 로드맵을 발표했다.이 대표는 ""RNAi 기술은 더 이상 먼 미래의 가능성에 머무는 '판타지'가 아니라 이미 시장에서 효능이 검증된 플랫폼이다""라며 기술적 완성도를 강조했다.","올릭스가 간 조직을 넘어 지방조직과 중추신경계(CNS)로 리보핵산 간섭(RNAi) 치료제의 표적 범위를 넓히는 'OASIS 2.0' 전략을 수립하고 본격적인 기술 고도화에 나섰다.이동기 올릭스 대표는 28일 서울 코엑스에서 열린 '바이오코리아 2026'에서 특히 간 조직에 국한되었던 기존의 한계에서 벗어나 대사 질환 및 신경퇴행성 질환 시장으로 파이프라인 확장 로드맵을 발표했다.이 대표는 ""RNAi 기술은 더 이상 먼 미래의 가능성에 머무는 '판타지'가 아니라 이미 시장에서 효능이 검증된 플랫폼이다""라며 기술적 완성도를 강조했다.",local,10,로레알,,,0.839925428224429,,1.0,0.839925428224429,5.327686798542601,0.0,8.879477997571001,False
2026-04-30,BD,2026-05-01 01:40:00,Naver News,https://medicalworldnews.co.kr/news/view.php?idx=1510974423,"국립보건연구원, 선천 감염증 임상연구 본격 추진",질병관리청 국립보건연구원이 임신 중 산모로부터 태반이나 분만과정을 통해 신생아에게 전파되는 선천 감염증의 체계적 관리 근거를 마련하기 위해 국내 21개 의료기관이 참여하는 ‘선천 감염증 레지스트리 임상연구’를 본격 시작하고 환자 등록을 개시한다.◆국내 첫 선천 감염증 전문 연구네트워크 가동선천 감염증은 임신 중 산모가 감염된 병원체가 태반이나 분만과정 등을 통해 신생아에게 전파되어 감염된 상태로 출생하는 질환이다. 증상이 경미할 수도.,질병관리청 국립보건연구원이 임신 중 산모로부터 태반이나 분만과정을 통해 신생아에게 전파되는 선천 감염증의 체계적 관리 근거를 마련하기 위해 국내 21개 의료기관이 참여하는 ‘선천 감염증 레지스트리 임상연구’를 본격 시작하고 환자 등록을 개시한다.◆국내 첫 선천 감염증 전문 연구네트워크 가동선천 감염증은 임신 중 산모가 감염된 병원체가 태반이나 분만과정 등을 통해 신생아에게 전파되어 감염된 상태로 출생하는 질환이다. 증상이 경미할 수도,local,10,합병,,,0.8391573355487465,,1.0,0.8391573355487465,5.324460809304735,0.0,8.874101348841226,False
2026-04-30,Client,2026-04-30 06:04:00,Naver News,http://www.newsmp.com/news/articleView.html?idxno=252988,"옵디보ㆍ여보이, 1~3기 dMMR 직장암 환자 수술 대체 가능성 제시","옵디보(성분명 니볼루맙, 오노ㆍBMS)와 여보이(성분명 이필리무맙, BMS) 이중 면역항암요법이 1~3기 불일치 복구 결함(dMMR) 직장암 환자에서 수술읠 대체할 가능성을 제시했다.16명의 환자를 대상으로 진행한 임상 2상에서 1~2회 투약만으로 모든 환자가 임상적 완전관해(clinical Complete Reponse, cCR)을 달성했다는 것.28일, The Lancet Gastroenterology & Hepatology에는 덴마크 내 2개 기관에서 16명의 성인 1~3기 dMMR 직장암 환자를 대상으로 옵디보와.","[의약뉴스] 옵디보(성분명 니볼루맙, 오노ㆍBMS)와 여보이(성분명 이필리무맙, BMS) 이중 면역항암요법이 1~3기 불일치 복구 결함(dMMR) 직장암 환자에서 수술읠 대체할 가능성을 제시했다.16명의 환자를 대상으로 진행한 임상 2상에서 1~2회 투약만으로 모든 환자가 임상적 완전관해(clinical Complete Reponse, cCR)을 달성했다는 것.28일, The Lancet Gastroenterology & Hepatology에는 덴마크 내 2개 기관에서 16명의 성인 1~3기 dMMR 직장암 환자를 대상으로 옵디보와",local,10,BMS,,,0.8345421670223845,,1.0,0.8345421670223845,5.305077101494014,0.0,8.84179516915669,False
2026-04-30,Client,2026-04-30 07:00:00,Naver News,https://www.businesspost.co.kr/BP?command=article_view&num=436788,[Who Is ?] 하경식 아이엠바이오로직스 대표이사,"아이엠바이오로직스는 한국거래소에 상장 예비심사를 신청할 당시 사노피(Sanofi S.A.), 애브비(AbbVie Inc)... "" ""(후속 파이프라인인 IMB-102를 놓고) 사노피의 암리텔리맙과 작용기전은 같지만 결합 부위와 방식이... ","아이엠바이오로직스는 한국거래소에 상장 예비심사를 신청할 당시 사노피(Sanofi S.A.), 애브비(AbbVie Inc)... "" ""(후속 파이프라인인 IMB-102를 놓고) 사노피의 암리텔리맙과 작용기전은 같지만 결합 부위와 방식이... ",local,10,사노피,,,0.8341311320228505,,1.0,0.8341311320228505,5.3033507544959715,0.0,8.838917924159952,False
2026-04-30,Client,2026-04-30 06:04:00,Naver News,http://www.newsmp.com/news/articleView.html?idxno=252989,"화이자 엘렉스피오, 다발골수종 2차 치료 임상 성공","화이자의 다발골수종 치료제 엘렉스피오(성분명 엘라나타맙)가 2차 치료 임상 3상 시험에서 1차 평가변수를 충족했다.화이자는 최소 1차 이상의 치료를 받은 재발 또는 불응성 다발골수종(RRMM) 성인 환자를 대상으로 엘렉스피오 단독요법을 평가한 임상 3상 MagnetisMM-5 시험의 긍정적인 톱라인 결과를 29일 밝혔다.연구 결과, 엘렉스피오는 맹검독립중앙심사(BICR)로 평가된 1차 평가변수인 무진행 생존(PFS)에서 표준 치료인 다라투무맙+포말리도마이드+덱사메타손 병용요법(DPd) 대비 통계적으로 유의하고 임상적으로.","[의약뉴스] 화이자의 다발골수종 치료제 엘렉스피오(성분명 엘라나타맙)가 2차 치료 임상 3상 시험에서 1차 평가변수를 충족했다.화이자는 최소 1차 이상의 치료를 받은 재발 또는 불응성 다발골수종(RRMM) 성인 환자를 대상으로 엘렉스피오 단독요법을 평가한 임상 3상 MagnetisMM-5 시험의 긍정적인 톱라인 결과를 29일 밝혔다.연구 결과, 엘렉스피오는 맹검독립중앙심사(BICR)로 평가된 1차 평가변수인 무진행 생존(PFS)에서 표준 치료인 다라투무맙+포말리도마이드+덱사메타손 병용요법(DPd) 대비 통계적으로 유의하고 임상적으로",local,10,화이자,,,0.8307728315188513,,1.0,0.8307728315188513,5.289245892379175,0.0,8.81540982063196,False
2026-04-30,Client,2026-04-30 16:59:00,Naver News,http://www.wowtv.co.kr/NewsCenter/News/Read?articleId=A202604300606&t=NN,"에이전트AI, 신약 플랫폼 가동…후보물질 6종 검증 착수",몰포지는 MIT·아스트라제네카·스탠퍼드대 등 세계 연구기관이 공개한 최신 AI 신약 엔진 10여 종을 단일 시스템에 통합한 플랫폼이다. 하나의 후보물질을 5개의 독립된 AI 엔진이 순차적으로 평가하는 '5중 교차검증... ,몰포지는 MIT·아스트라제네카·스탠퍼드대 등 세계 연구기관이 공개한 최신 AI 신약 엔진 10여 종을 단일 시스템에 통합한 플랫폼이다. 하나의 후보물질을 5개의 독립된 AI 엔진이 순차적으로 평가하는 '5중 교차검증... ,local,10,아스트라제네카,,,0.829830179298195,,1.0,0.829830179298195,5.285286753052419,0.0,8.808811255087365,False
2026-04-30,BD,2026-04-30 15:24:00,Naver News,https://it.chosun.com/news/articleView.html?idxno=2023092161360,“기술이전으론 부족”… K-바이오 ‘글로벌 진출 전략’ 승부수는?,"기술 경쟁과 자본 경쟁이 동시에 심화되는 글로벌 제약바이오 시장에서 단순 기술이전(라이선싱)을 넘어 공동 연구개발과 생산, 임상 네트워크를 결합한 ‘복합 전략’이 필요하다는 분석이 나왔다.한국보건산업진흥원은 30일 바이오코리아 2026 컨퍼런스 ‘실제 사례로 보는 바이오 기업의 글로벌.","기술 경쟁과 자본 경쟁이 동시에 심화되는 글로벌 제약바이오 시장에서 단순 기술이전(라이선싱)을 넘어 공동 연구개발과 생산, 임상 네트워크를 결합한 ‘복합 전략’이 필요하다는 분석이 나왔다.한국보건산업진흥원은 30일 바이오코리아 2026 컨퍼런스 ‘실제 사례로 보는 바이오 기업의 글로벌",local,10,GSK,,,0.8297095844642864,,1.0,0.8297095844642864,5.284780254750003,0.0,8.807967091250005,False
2026-04-30,BD,2026-04-30 06:06:00,Naver News,https://www.medipana.com/news/articleView.html?idxno=410602,"""국내 신약개발 25년, 블록버스터 해법은 차별화·시장진입"" - 메디파나뉴스","국내 제약바이오 산업이 국산 신약 41개 개발이라는 성과를 축적한 가운데, 다음 과제로 글로벌 블록버스터 창출 전략이 제시됐다.","[메디파나뉴스 = 최인환 기자] 국내 제약바이오 산업이 국산 신약 41개 개발이라는 성과를 축적한 가운데, 다음 과제로 글로벌 블록버스터 창출 전략이 제시됐다.",local,10,바이오젠,,,0.8248567996110172,,1.0,0.8248567996110172,5.264398558366271,0.0,8.77399759727712,False
2026-04-30,Supply Issues,2026-04-30 13:27:00,Naver News,https://news.tf.co.kr/read/economy/2318803.htm,대웅제약 거점도매로 약국 수급 불안정…'성분명 처방' 요구 확대 - 경제 | 기사 - 더팩트,"약국 86%, 대웅제약 의약품 수급 불안 겪어약사들 대체조제 나서...성분명 처방 법제화 필요한 시민이 서울 서초구의 한 약국에서 약을 사고 있다. /더팩트 DB[더팩트ㅣ이준영 기..","약국 86%, 대웅제약 의약품 수급 불안 겪어약사들 대체조제 나서...성분명 처방 법제화 필요한 시민이 서울 서초구의 한 약국에서 약을 사고 있다. /더팩트 DB[더팩트ㅣ이준영 기..",local,2,품절,,,0.6652233325434065,,0.2,0.6652233325434065,5.1539379966823065,5.0,5.256563327803844,False
2026-04-30,Product Approval,2026-04-30 18:06:00,Naver News,http://www.smarttimes.co.kr/news/articleView.html?idxno=45233,[光클릭] 동아제약 ㆍ유한양행,[편집자주}‘광클릭’은 업계의 신제품과 프로모션을 한데 모아 소개하는 코너다. 소비자가 제품 선택 과정에서 고려해야 할 핵심 정보와 트렌드를 중심으로 실용적인 소비 기준을 제시한다. 다양한 제품과 이슈를 압축해 전달한다.◇ 동아제약은 독일 프리미엄 멀티비타민 브랜드 ‘오쏘몰’의 신제품.,[편집자주}‘광클릭’은 업계의 신제품과 프로모션을 한데 모아 소개하는 코너다. 소비자가 제품 선택 과정에서 고려해야 할 핵심 정보와 트렌드를 중심으로 실용적인 소비 기준을 제시한다. 다양한 제품과 이슈를 압축해 전달한다.◇ 동아제약은 독일 프리미엄 멀티비타민 브랜드 ‘오쏘몰’의 신제품,local,2,신제품,,,0.4238847047450599,,0.2,0.4238847047450599,4.940315759929252,7.0,3.567192933215419,False
2026-04-30,Reimbursement,2026-05-01 06:06:00,Naver News,https://www.medipana.com/news/articleView.html?idxno=410685,국립대병원장 연봉 2억2844만원…암센터 4.3억 최고 - 메디파나뉴스,"주요 국립대병원장들의 연봉이 전반적인 상승 흐름을 보인 가운데, 병원 간 보수 격차 역시 확대된 것으로 나타났다.특히 성과상여금과.","[메디파나뉴스 = 박으뜸 기자] 주요 국립대병원장들의 연봉이 전반적인 상승 흐름을 보인 가운데, 병원 간 보수 격차 역시 확대된 것으로 나타났다.특히 성과상여금과",local,2,급여,,,0.16915188865577901,,0.2,0.16915188865577901,4.670437932354272,9.0,1.7840632205904532,False
2026-04-30,Reimbursement,2026-04-30 20:30:00,Naver News,https://www.joongang.co.kr/article/25424962,"경희대 조성훈 교수팀, 조현병 대상 침 치료 효과 과학적 근거 제시 | 중앙일보","경희대학교(총장 김진상) 한의학과 조성훈 교수 연구팀이 조현병 치료에 침 치료를 병행할 경우 증상 완화와 부작용 감소에 탁월한 효과가 있다는 과학적 근거를 제시했다. 이는 침 치료가 조현병 환자의 치료 순응도를 높이고 장기적인 관리를 돕는 핵심적 역할을 할 수 있음을 입증한 것이다. 조성훈 교수는 ""이번 연구는 침 치료가 조현병 증상 조절과 약물 부작용 관리에 실질적 도움이 된다는 점을 대규모 데이터를 통해 확인한 것""이라며 ""앞으로 환자 맞춤형 한·양방 협진 모델을 구축하는 데 중요한 과학적 토대가 될 것""이라고 밝혔다.","경희대학교(총장 김진상) 한의학과 조성훈 교수 연구팀이 조현병 치료에 침 치료를 병행할 경우 증상 완화와 부작용 감소에 탁월한 효과가 있다는 과학적 근거를 제시했다. 이는 침 치료가 조현병 환자의 치료 순응도를 높이고 장기적인 관리를 돕는 핵심적 역할을 할 수 있음을 입증한 것이다. 조성훈 교수는 ""이번 연구는 침 치료가 조현병 증상 조절과 약물 부작용 관리에 실질적 도움이 된다는 점을 대규모 데이터를 통해 확인한 것""이라며 ""앞으로 환자 맞춤형 한·양방 협진 모델을 구축하는 데 중요한 과학적 토대가 될 것""이라고 밝혔다.",local,2,급여,,,0.14635350208523712,,0.2,0.14635350208523712,4.574684708757996,9.0,1.6244745145966597,False
2026-04-30,Reimbursement,2026-05-01 00:40:00,Naver News,https://medicalworldnews.co.kr/news/view.php?idx=1510974422,"의료취약지 재택의료센터, 의료기관-보건소 협업 모형 본격 가동","이스란 보건복지부 제1차관이 4월 30일 충청남도 예산군 보건소를 방문해 의료기관-보건소 협업형으로 운영 중인 장기요양 재택의료센터의 현장 운영 현황을 점검하고, 참여 기관의 애로사항 및 개선방안에 대한 의견을 청취했다.◆재택의료센터, 거동 불편 어르신 가정에 의료팀 직접 방문장기요양 재택의료센터 시범사업은 의사, 간호사, 사회복지사가 한 팀을 이루어 장기요양보험 수급자의 가정을 직접 방문하는 사업이다. 방문진료와 간호 서비스를 제공하.","이스란 보건복지부 제1차관이 4월 30일 충청남도 예산군 보건소를 방문해 의료기관-보건소 협업형으로 운영 중인 장기요양 재택의료센터의 현장 운영 현황을 점검하고, 참여 기관의 애로사항 및 개선방안에 대한 의견을 청취했다.◆재택의료센터, 거동 불편 어르신 가정에 의료팀 직접 방문장기요양 재택의료센터 시범사업은 의사, 간호사, 사회복지사가 한 팀을 이루어 장기요양보험 수급자의 가정을 직접 방문하는 사업이다. 방문진료와 간호 서비스를 제공하",local,2,급여,,,0.14623643734707373,,0.2,0.14623643734707373,4.57419303685771,9.0,1.623655061429516,False
2026-04-30,Reimbursement,2026-05-01 04:21:00,Naver News,https://www.sidae.com/article/2026043015091127929,"삼성바이오, 첫 파업에 쏠리는 눈…""보상체계 다양화·주주 고려해야"" - 동행미디어 시대",삼성바이오로직스 상생노동조합이 파업에 나선다. 상생노조가 OPI(초과이익성과급) 상한 폐지 등을 요구하고 있는 가운데 국내 바이오업계는 이번 파업을 예의주시하는 분위기다. 전문가들은 합리적인 성과 보상 체계 마련과 노사 합의 필요성을 강조했다.,삼성바이오로직스 상생노동조합이 파업에 나선다. 상생노조가 OPI(초과이익성과급) 상한 폐지 등을 요구하고 있는 가운데 국내 바이오업계는 이번 파업을 예의주시하는 분위기다. 전문가들은 합리적인 성과 보상 체계 마련과 노사 합의 필요성을 강조했다.,local,2,급여,,,0.14288759870395581,,0.2,0.14288759870395581,4.560127914556615,9.0,1.6002131909276907,False
2026-04-30,Reimbursement,2026-05-01 04:55:00,Naver News,https://www.chosun.com/international/us/2026/05/01/EJTU34DKNRABPGT5WDAMKG5CFQ/?utm_source=naver&utm_medium=referral&utm_campaign=naver-news,"美무역대표부, 한국 약가 정책 지적… “투명성과 예측 가능성 부족”","정부의 ‘혁신 제약사(Innovative Pharmaceutical Company)’ 인증은 국내 고용·생산 등 일정 기준을 충족하면 약가... 인증 기업은 약가 협상에서 유리하고 신약을 등재하는 과정에서 우대(조건, 시간 등)를 받는데 미... ","정부의 ‘혁신 제약사(Innovative Pharmaceutical Company)’ 인증은 국내 고용·생산 등 일정 기준을 충족하면 약가... 인증 기업은 약가 협상에서 유리하고 신약을 등재하는 과정에서 우대(조건, 시간 등)를 받는데 미... ",local,2,약가,,,0.3933016071294573,,0.2,0.3933016071294573,4.411866749943721,6.0,3.353111249906201,False
2026-04-30,Reimbursement,2026-04-30 16:44:00,Naver News,http://www.inews24.com/view/1965076,42호 국산 신약 주인공 탄생⋯큐로셀 '림카토',"국내 최초 CAR-T 신약, 3차 DLBCL 치료 적응증 확보 식약처 4월 29일 허가…국내 생산 기반 ‘신속 공급’ 차별화 큐로셀의 CAR-T 치료제 ‘림카토’가 국산 42호 신약에 이름을 올렸다. 국내 생산 기반을 갖춰 신속 공급이 가능하다는 점에서 기존 글로벌 치료제와 차별화된 경쟁력을 확보한 것으로 평가된다. 30일 큐로셀은 식품의약품안전처가 29일 CAR-T(키메릭 항원 수용체 T세포) 치료제 림카토의 제조·판매를 허가했다고 밝혔다.","국내 최초 CAR-T 신약, 3차 DLBCL 치료 적응증 확보
식약처 4월 29일 허가&hellip;국내 생산 기반 &lsquo;신속 공급&rsquo; 차별화 큐로셀의 CAR-T 치료제 &lsquo;림카토&rsquo;가 국산 42호 신약에 이름을 올렸다. 국내 생산 기반을 갖춰 신속 공급이 가능하다는 점에서 기존 글로벌 치료제와 차별화된 경쟁력을 확보한 것으로 평가된다. 30일 큐로셀은 식품의약품안전처가 29일 CAR-T(키메릭 항원 수용체 T세포) 치료제 림카토의 제조&middot;판매를 허가했다고 밝혔다. 큐로셀이 2024년 12월 품목허가를 신청한 지 약 1년 4개월 만이다.",local,2,약가,,,0.3612185642627496,,0.2,0.3612185642627496,4.277117969903548,6.0,3.128529949839247,False
2026-04-30,Product Approval,2026-05-01 06:02:00,Naver News,https://news.mtn.co.kr/news-detail/2026043017103047977,하반기 열리는 바이오빅데이터…AI 의료 큰 장,"우리나라 국민 100만명의 바이오 정보를 통합한 국가통합바이오빅데이터가 하반기 단계적으로 개방되며 AI 의료의 새 시대가 시작될 것으로 전망됐다. 1일 정부에 따르면 보건복지부, 과학기술정보통신부, 산업통상자원부, 질병관리청은 국가통합바이오빅데이터 구축사업을 통해 오는 2032년까지 100만명의 데이터를 수집하고, 단계적으로 공개한다. 올해 하반기 10만명에 대한 정보가 연구자들에게 개방될 예정이다.","우리나라 국민 100만명의 바이오 정보를 통합한 국가통합바이오빅데이터가 하반기 단계적으로 개방되며 AI 의료의 새 시대가 시작될 것으로 전망됐다. 1일 정부에 따르면 보건복지부, 과학기술정보통신부, 산업통상자원부, 질병관리청은 국가통합바이오빅데이터 구축사업을 통해 오는 2032년까지 100만명의 데이터를 수집하고, 단계적으로 공개한다. 올해 하반기 10만명에 대한 정보가 연구자들에게 개방될 예정이다. 중증 질환자와 일반인 등 현재까지 12만명의 정보 기증 동의를 확보했다. 개방되는 정보는 유전체 등 생물학적 데이터, 혈액 검사",local,2,신약,,,0.20869229261257813,,0.2,0.20869229261257813,4.036507628972828,7.0,2.0608460482880466,False
2026-04-30,Therapeutic Areas,2026-04-30 09:00:00,Naver News,https://www.livesnews.com/news/article.html?no=61172,[라이브뉴스] 난임부부 지원 확대… 맞춤형 치료와 생활관리 병행 필요,"저출생 문제가 지속되는 가운데 난임부부 지원 정책이 확대되면서 난임부부 지원에 대한 관심이 높아지고 있다. 결혼과 출산 연령이 늦어지고 생활습관 변화가 이어지면서 난임을 겪는 부부가 증가하는 추세 속에서, 난임부부 지원 제도는 임신과 출산을 돕는 핵심 정책으로 자리잡고 있다. 실제로 지자체를 중심으로 난임부부 지원 규모가 확대되며 시술비 지원, 횟수 확대,.","저출생 문제가 지속되는 가운데 난임부부 지원 정책이 확대되면서 난임부부 지원에 대한 관심이 높아지고 있다. 결혼과 출산 연령이 늦어지고 생활습관 변화가 이어지면서 난임을 겪는 부부가 증가하는 추세 속에서, 난임부부 지원 제도는 임신과 출산을 돕는 핵심 정책으로 자리잡고 있다. 실제로 지자체를 중심으로 난임부부 지원 규모가 확대되며 시술비 지원, 횟수 확대,",local,2,난임,,,0.3757712664356418,,0.2,0.3757712664356418,3.9382393190296954,5.0,3.2303988650494926,False
2026-04-30,Reimbursement,2026-04-30 17:16:00,Naver News,https://www.sentv.co.kr/article/view/sentv202604300005,꿈의 항암제 국산 'CAR-T' 시대 개막…큐로셀 ‘림카토’ 허가,국산 1호 CAR-T 치료제 큐로셀의 '림카토'가 품목허가를 받았습니다. 1회 투여로 림프종 같은 혈액암을 완치에 가깝게 치료하는 등 효과가 좋아 '꿈의 항.,국산 1호 CAR-T 치료제 큐로셀의 '림카토'가 품목허가를 받았습니다. 1회 투여로 림프종 같은 혈액암을 완치에 가깝게 치료하는 등 효과가 좋아 '꿈의 항,local,2,약가,,,0.2716640503801202,,0.2,0.2716640503801202,3.900989011596505,6.0,2.5016483526608413,False
2026-04-30,Product Approval,2026-05-01 00:50:00,Naver News,http://www.k-health.com/news/articleView.html?idxno=92052,"의정부성모병원, 지역 최초 고난도 ‘각막내피층판 이식술’ 성공","가톨릭대 의정부성모병원이 경기북부 지역 최초로 고난도 각막이식술인 ‘데스메막박리 각막내피층판 이식술(DSAEK)’에 성공, 지역 안과진료 역량을 재입증했다.의정부성모병원에 따르면 이번 수술은 안내렌즈 삽입술 후 발생한 각막내피 기능부전으로 고통받던 40대 여성 환자를 대상으로 4월 22일 시행됐다. 안과 김다란 교수 집도로 성공적으로 마무리된 이번 수술은 환자가 경과 관찰 1주일 만에 빠른 회복세를 보이며 성공적인 결과를 나타냈다.‘데스메막박리 각막내피층판 이식술(DSAEK)’은 손상된 각막 내피층만을 선택적으로 교체하는 고난도 술.","가톨릭대 의정부성모병원이 경기북부 지역 최초로 고난도 각막이식술인 ‘데스메막박리 각막내피층판 이식술(DSAEK)’에 성공, 지역 안과진료 역량을 재입증했다.의정부성모병원에 따르면 이번 수술은 안내렌즈 삽입술 후 발생한 각막내피 기능부전으로 고통받던 40대 여성 환자를 대상으로 4월 22일 시행됐다. 안과 김다란 교수 집도로 성공적으로 마무리된 이번 수술은 환자가 경과 관찰 1주일 만에 빠른 회복세를 보이며 성공적인 결과를 나타냈다.‘데스메막박리 각막내피층판 이식술(DSAEK)’은 손상된 각막 내피층만을 선택적으로 교체하는 고난도 술",local,2,적응증,,,0.16989699460788069,,0.2,0.16989699460788069,3.8735673773530994,7.0,1.7892789622551648,False
2026-04-30,Product Approval,2026-05-01 06:02:00,Naver News,https://www.kukinews.com/article/view/kuk202604300204,CAR-T 치료제 ‘국산화’ 첫발…글로벌 제약사들에 ‘도전장’,큐로셀의 키메라 항원 수용체 T세포(CAR-T·카티) 치료제 ‘림카토’(성분명 안발캅타젠오토류셀)가 허가되면서 CAR-T 치료제 국산화 신호탄이.,큐로셀의 키메라 항원 수용체 T세포(CAR-T·카티) 치료제 ‘림카토’(성분명 안발캅타젠오토류셀)가 허가되면서 CAR-T 치료제 국산화 신호탄이,local,2,허가,,,0.16172268090609648,,0.2,0.16172268090609648,3.8392352598056054,7.0,1.7320587663426754,False
2026-04-30,Product Approval,2026-05-01 05:57:00,Naver News,https://www.newspim.com/news/view/20260501000014,"[종합] 애플, 2분기 매출 '기대 이상'… 아이폰 공급 제약에도 서비스·맥 등 강세","애플이 지난 3월 종료된 회계연도 2분기에 시장 기대를 웃도는 매출과 순이익을 기록했다. 아이폰 매출액은 공급망 병목 현상으로 인해 기대에 미치지 못했으나, 서비스 부문과 맥(Mac), 아이패드 등 다른 사업 부문이 예상보다 강세를 보.","[뉴욕=뉴스핌] 김민정 특파원 = 애플이 지난 3월 종료된 회계연도 2분기에 시장 기대를 웃도는 매출과 순이익을 기록했다. 아이폰 매출액은 공급망 병목 현상으로 인해 기대에 미치지 못했으나, 서비스 부문과 맥(Mac), 아이패드 등 다른 사업 부문이 예상보다 강세를 보",local,2,신제품,,,0.15809295093735334,,0.2,0.15809295093735334,3.8239903939368842,7.0,1.7066506565614734,False
2026-04-30,Product Approval,2026-04-30 19:36:00,Naver News,http://www.kmedinfo.co.kr/news/articleView.html?idxno=95771,"[4월 30일 병원.의료소식] 보라매병원, 서울대병원, 이대대동맥혈관병원, 의정부성모병원",“중환자 신장치료 기준 세웠다”…지속신대체요법 표준 진료지침 인준보라매병원 이정환 교수 주도 CKRT 진료지침 대한의학회 공식 인준서울대학교병원 운영 서울특별시보라매병원이 중환자 신장치료의 핵심 분야인 지속신대체요법 진료지침을 마련하며 국내 진료 표준 정립에 나섰다.,“중환자 신장치료 기준 세웠다”…지속신대체요법 표준 진료지침 인준보라매병원 이정환 교수 주도 CKRT 진료지침 대한의학회 공식 인준서울대학교병원 운영 서울특별시보라매병원이 중환자 신장치료의 핵심 분야인 지속신대체요법 진료지침을 마련하며 국내 진료 표준 정립에 나섰다. 병원마다 달랐던,local,2,용량,,,0.1501897177421476,,0.2,0.1501897177421476,3.79079681451702,7.0,1.651328024195033,False
2026-04-30,Product Approval,2026-05-01 06:00:00,Naver News,https://www.bosa.co.kr/news/articleView.html?idxno=3003302,[WHY]리브리반트 병용요법 희귀 변이 폐암에서 강력한 치료 옵션인 이유는? - 의학신문,EGFR 변이 비소세포폐암은 EGFR-TKI 등장 이후 치료 성적이 비약적으로 개선되었다. 과거 화학항암요법으로 약 8~10개월.,[의학신문·일간보사=김상일 기자]EGFR 변이 비소세포폐암은 EGFR-TKI 등장 이후 치료 성적이 비약적으로 개선되었다. 과거 화학항암요법으로 약 8~10개월,local,2,허가,,,0.14497224532401826,,0.2,0.14497224532401826,3.768883430360877,7.0,1.6148057172681276,False
2026-04-30,Product Approval,2026-04-30 22:38:00,Naver News,https://www.medipana.com/news/articleView.html?idxno=410695,"한림대성심병원, 베트남 175군병원과 연구·인력 교류 협력 - 메디파나뉴스","국내 병원이 베트남 군의학 중심 병원과 손잡고 감염질환과 항생제내성 대응을 포함한 공동연구에 나선다. 인공지능 기반 항생제 용량 결정 연구까지 병행되면서, 한-베.","국내 병원이 베트남 군의학 중심 병원과 손잡고 감염질환과 항생제내성 대응을 포함한 공동연구에 나선다. 인공지능 기반 항생제 용량 결정 연구까지 병행되면서, 한-베",local,2,용량,,,0.14206641597431993,,0.2,0.14206641597431993,3.756678947092144,7.0,1.5944649118202394,False
2026-04-30,Supply Issues,2026-04-30 13:44:00,Naver News,https://www.kpanews.co.kr/news/articleView.html?idxno=534049,"성남시약, 분당서울대병원 약제부와 원외약국 간담회  - 약사공론",성남시약사회(회장 전성표)와 분당서울대학교병원 약제부(부장 최경숙)는 지난 4월 28일 분당서울대학교병원 지하 1층 약제부 회의실에서 ‘2026년 원외약국 간담회.,성남시약사회(회장 전성표)와 분당서울대학교병원 약제부(부장 최경숙)는 지난 4월 28일 분당서울대학교병원 지하 1층 약제부 회의실에서 ‘2026년 원외약국 간담회,local,2,품절,,,0.24343526899429865,,0.2,0.24343526899429865,3.382428129776054,5.0,2.3040468829600904,False
2026-04-30,Therapeutic Areas,2026-04-29 17:14:00,Naver News,https://www.newspim.com/news/view/20260429001121,"""난임 정책, 여성 중심 벗어나야""…남성 가임력 검사·치료지원 강화 목소리",청년의 성·재생산 건강과 난임 문제를 여성이나 임신·출산 시기에 한정하지 않고 남성과 여성 모두의 건강 관리 영역으로 다뤄야 한다는 지적이 나왔다.박광모 차여성의학연구소 난임의학연구실 연구원은 29일 성.,[서울=뉴스핌] 송주원 기자 = 청년의 성·재생산 건강과 난임 문제를 여성이나 임신·출산 시기에 한정하지 않고 남성과 여성 모두의 건강 관리 영역으로 다뤄야 한다는 지적이 나왔다.박광모 차여성의학연구소 난임의학연구실 연구원은 29일 성,local,2,난임,,,0.23677766859428542,,0.2,0.23677766859428542,3.3544662080959986,5.0,2.257443680159998,False
2026-04-30,Therapeutic Areas,2026-04-30 12:02:00,Naver News,http://www.k-health.com/news/articleView.html?idxno=91026,[병원에 숨은 다양한 직업군 이모저모] 생명 탄생 환경 회복의 도우미 ‘나프로 프렉티셔너’,"병원에는 의사, 간호사 외에도 다양한 직업군이 존재합니다. 이들은 수술실, 중환자실, 연구실은 물론 환자와 가족의 눈에 잘 띄지 않는 곳에서 사력을 다하며 생명을 지키고 있습니다. 이에 헬스경향은 병원의 숨은 원동력인 이들 직업군을 차례로 소개하고자 합니다. 여덟 번째는 ‘나프로 프렉티셔너’입니다. 아직 대중에게 낯선 나프로 임신법(이하 나프로)은 자연 가임력을 회복하고 돕는 기술을 뜻한다.","병원에는 의사, 간호사 외에도 다양한 직업군이 존재합니다. 이들은 수술실, 중환자실, 연구실은 물론 환자와 가족의 눈에 잘 띄지 않는 곳에서 사력을 다하며 생명을 지키고 있습니다. 이에 헬스경향은 병원의 숨은 원동력인 이들 직업군을 차례로 소개하고자 합니다. 여덟 번째는 ‘나프로 프렉티셔너’입니다. 아직 대중에게 낯선 나프로 임신법(이하 나프로)은 자연 가임력을 회복하고 돕는 기술을 뜻한다. 여기서 ‘자연’은 막연한 자연주의나 민간요법이 아니다. 여성의 몸이 보내는 생물학적 신호를 체계적으로 관찰·분석해 임신이 가능한",local,2,난임,,,0.17727542027590534,,0.2,0.17727542027590534,3.104556765158802,5.0,1.8409279419313371,False
2026-04-30,Supply Issues,2026-04-30 21:02:00,Naver News,https://www.businesspost.co.kr/BP?command=article_view&num=436983,[5월1일자] 비즈니스포스트 아침의 주요기사,"● 빅테크 AI 투자 늘어 메모리 품귀 심화, 삼성전자 2분기 영업이익 80조 넘본다 ● 삼성바이오로직스 첫 전면파업 D-1, 위원장 부재에 노사정 막판 타결 난망 ● 한화솔루션 호실적에도 부채 무거워, 남정운 케미칼 흑자... ","● 빅테크 AI 투자 늘어 메모리 품귀 심화, 삼성전자 2분기 영업이익 80조 넘본다 ● 삼성바이오로직스 첫 전면파업 D-1, 위원장 부재에 노사정 막판 타결 난망 ● 한화솔루션 호실적에도 부채 무거워, 남정운 케미칼 흑자... ",local,2,품귀,,,0.17723465880443579,,0.2,0.17723465880443579,3.10438556697863,5.0,1.8406426116310506,False
2026-04-30,Therapeutic Areas,2026-05-01 05:02:00,Naver News,https://www.hani.co.kr/arti/hanihealth/medical/1256759.html,폐암 조기 발견율 30%대 ‘껑충’…“빨리 발견한 만큼 확실히 치료해야” [건강한겨레],"폐암은 국내에서 오랫동안 암종별 사망률 1위, 발생률로는 1~2위를 이어올 정도로 예후가 좋지 않은 암종 중 하나지만, 2010년대 이후 표적항암제와 면역항암제 등 항암 신약이 개발되면서 치료 성적이 꾸준히 좋아지고 있다. 최근엔 조기 발견율도 크게 개선됐다.","폐암은 국내에서 오랫동안 암종별 사망률 1위, 발생률로는 1~2위를 이어올 정도로 예후가 좋지 않은 암종 중 하나지만, 2010년대 이후 표적항암제와 면역항암제 등 항암 신약이 개발되면서 치료 성적이 꾸준히 좋아지고 있다. 최근엔 조기 발견율도 크게 개선됐다. 선별 검",local,2,항암제,,,0.1736835903787908,,0.2,0.1736835903787908,3.089471079590921,5.0,1.8157851326515355,False
2026-04-30,Supply Issues,2026-04-29 19:22:00,Naver News,https://www.sentv.co.kr/article/view/sentv202604290136,"""기증자 동의 받는다""…엘앤씨바이오, ECM 윤리 논란 정면 돌파",국내에서 ECM 스킨부스터 시장을 연 엘앤씨바이오의 '엘라비에 리투오'. 효과가 입소문을 타면서 2024년 11월 이후 2년도 안돼 30만 건 이상 사용됐을 정도.,국내에서 ECM 스킨부스터 시장을 연 엘앤씨바이오의 '엘라비에 리투오'. 효과가 입소문을 타면서 2024년 11월 이후 2년도 안돼 30만 건 이상 사용됐을 정도,local,2,품귀,,,0.1215759402938421,,0.2,0.1215759402938421,2.870618949234137,5.0,1.4510315820568946,False
2026-04-30,Product Approval,2026-05-01 04:01:00,Naver News,http://www.fnnews.com/news/202604301828135980,영양제의 역설… 부모님 기억력 지키려다 치매 골든타임 놓칠라[Weekend ...,의약품처럼 특정 질환 치료 효과를 입증하거나 적응증을 부여받지 않는다. 문제는 광고와 마케팅 방식이다. 임상 용어를 활용하거나 전문가 인터뷰 형식을 차용한 홍보가 반복되면서 소비자들이 의약품과 유사한 효과를... ,의약품처럼 특정 질환 치료 효과를 입증하거나 적응증을 부여받지 않는다. 문제는 광고와 마케팅 방식이다. 임상 용어를 활용하거나 전문가 인터뷰 형식을 차용한 홍보가 반복되면서 소비자들이 의약품과 유사한 효과를... ,local,2,적응증,,,0.4883594947395375,,0.2,0.4883594947395375,2.411109877906057,0.0,4.018516463176762,False
2026-04-30,Therapeutic Areas,2026-04-30 19:56:00,Naver News,http://www.cancerline.co.kr/html/27242.html,"월간암(癌) :: 유방암 환자, 증상 없어도 뇌 전이 조기 발견 가능","- 연세암병원, 뇌 MRI 선별 검사 효과 확인…국내 첫 전향적 연구 무증상이더라도 유방암 일부 아형에서 진행성이라면 뇌 MRI 정기 검사가 필요하다는 연구가 나왔다. 연세암병원 종양내과 유방암연구팀 손주혁, 김건민, 김민환 교수 연구팀은 진행성 HER2 양성 또는 삼중음성 유방암 환자를 대상으로 뇌 MRI 검사를 정기적으로 시행하면서 뇌 전이 발생 위험과 무증상 단계에서의 조기 발견의 중요성을 확인했다고 지난 3월 18일 밝혔다. 이번 연구 결과는 유럽종양학회 공식 학술지 ‘ESMO Open(IF 8.3)’ 최신호에 실렸다.","- 연세암병원, 뇌 MRI 선별 검사 효과 확인…국내 첫 전향적 연구
무증상이더라도 유방암 일부 아형에서 진행성이라면 뇌 MRI 정기 검사가 필요하다는 연구가 나왔다. 연세암병원 종양내과 유방암연구팀 손주혁, 김건민, 김민환 교수 연구팀은 진행성 HER2 양성 또는 삼중음성 유방암 환자를 대상으로 뇌 MRI 검사를 정기적으로 시행하면서 뇌 전이 발생 위험과 무증상 단계에서의 조기 발견의 중요성을 확인했다고 지난 3월 18일 밝혔다. 이번 연구 결과는 유럽종양학회 공식 학술지 ‘ESMO Open(IF 8.3)’ 최신호에 실렸다.
현재 국내외에서 통용되는 진행성 유방암 환자에게는 신경학적 증상이 없다면 정기적인 뇌 MRI 검사를 권고하고 있지 않다. 그러나 HER2 양성 및 삼중음성 유방암 환자들은 다른 유방암 환자보다 뇌 전이 발생 위험이 커 뇌 전이 조기 발견의 필요성이 계속 논의됐다.
신약 개발 측면에서도 이렇게 발견된 뇌전이에 효과적인 약들이 개발되고 있다. 최근 HER2 양성 유방암 치료 환자에 사용하는 약제 중 뇌 전이가 있는 환자에도 효과가 큰 항암 치료 조합이 나오고 있다. HER2 표적 치료제인 엔허투(Enhertu)나 투키사(Tukysa) 기반 병합요법이 대표적인 예다.
손주혁 교수 연구팀은 2018년부터 2023년까지 연세암병원에서 치료받은 진행성 HER2 양성 또는 삼중음성 유방암 환자 중 뇌 전이 증상이 없는 환자 112명을 대상으로 뇌 MRI 검사를 시행했다. 진행 시점은 MRI는 유방암을 진단받은 때와 2차, 3차 치료를 시작할 때다.
연구 결과, 전이성 유방암 진단 시점에서 시행한 초기 뇌 MRI 검사에서 이미 9.8%의 환자에게서 증상 없이 뇌 전이가 발견됐다. 이후 치료 경과 중 정기적인 뇌 MRI 선별검사를 반복 시행한 결과, 뇌 전이 누적 발견율은 19.6%까지 증가했다. 특히 뇌 전이가 발생한 전체 환자 33명 가운데 약 67%에 해당하는 22명은 신경학적 증상이 나타나기 전에 뇌 전이가 발견된 것으로 나타났다.
뇌 전이 환자들은 절개 없이 정확한 위치에 방사선을 조사하는 정위적 방사선수술(SRS) 등을 받았다. 치료 전후 인지기능 평가에서도 유의한 저하가 없어, 증상이 없더라도 뇌 전이를 조기에 진단하는 것과 빠른 치료를 시행하는 것이 환자의 삶의 질에 영향을 주는 것으로 확인했다.
손주혁 교수는 “최근 뇌 전이에 효과적인 항암제가 등장하면서 조기 발견 환자에서 방사선·수술·전신치료를 적절히 병합해 생존 연장과 삶의 질 개선을 동시에 기대할 수 있는 치료 환경이 마련되고 있다”고 말했다.
김건민 교수는 “이제 뇌 전이는 증상이 나타난 이후에만 대응하는 합병증이 아니라, 적극적으로 조기 발견하고 치료 전략을 세워야 할 질환으로 인식할 필요가 있다”고 덧붙였다.
끝으로 김민환 교수는 “이러한 결과를 토대로 증상을 느끼지 못하더라도 HER2 양성이나 삼중음성 유방암 진단을 받으면 정기적으로 뇌 MRI 검사를 하는 것이 좋다는 것을 확증하는 대규모 연구가 필요하다.”라고 말했다.
월간암(癌) 2026년 4월호",local,2,항암제,,,0.17353678956432916,,0.2,0.17353678956432916,1.0888545161701824,0.0,1.814757526950304,False
2026-04-30,Product Approval,2026-05-01 06:00:00,Naver News,https://www.ddaily.co.kr/page/view/2026042922014061742,“상관관계만으로는 규제·임상 판단 어렵다”…현장 데이터 시대 핵심 방법론으로 떠오른 인과추론,쉐린 아이드(Sherrine Eid) SAS 역학·실사용근거·관찰연구 글로벌 총괄 [사진=이상일기자][그레이프바인(미국)=디지털데일리 이상일기자] 미국 텍사스주 그레이프바인에서 4...,쉐린 아이드(Sherrine Eid) SAS 역학·실사용근거·관찰연구 글로벌 총괄 [사진=이상일기자][그레이프바인(미국)=디지털데일리 이상일기자] 미국 텍사스주 그레이프바인에서 4...,local,2,신약,,,0.13165349145669414,,0.2,0.13165349145669414,0.9129446641181151,0.0,1.5215744401968587,False
2026-04-30,Product Approval,2026-05-01 06:24:00,Naver News,https://www.dailymedi.com/news/news_view.php?wr_id=936139,한미약품 올 1분기 매출 3929억·영업익 536억,"이상지질혈증 치료 복합신약 '로수젯' 1분기 원외처방 매출은 전년 동기 대비 9.2% 성장한 593억 원을... 한미약품 황상연 대표이사는 ""올해는 한미가 추진해온 다양한 신약개발 분야에서 임상 진전을 확인하는... ","이상지질혈증 치료 복합신약 '로수젯' 1분기 원외처방 매출은 전년 동기 대비 9.2% 성장한 593억 원을... 한미약품 황상연 대표이사는 ""올해는 한미가 추진해온 다양한 신약개발 분야에서 임상 진전을 확인하는... ",local,2,신약,,,0.12971878161540032,,0.2,0.12971878161540032,0.9048188827846811,0.0,1.508031471307802,False
2026-04-30,Product Approval,2026-04-30 20:30:00,Naver News,https://www.akomnews.com/bbs/board.php?bo_table=news&wr_id=67081,"피부미용 레이저부터 혈액검사까지 한의임상, ‘진단-시술’ 축 재편 - 한의신문","대공한협, K-MEX 2026서 회원 보수교육 개최시술 범위 확장 속 진단 정밀도·환자 안전성 확보 과제 부각.","대공한협, K-MEX 2026서 회원 보수교육 개최시술 범위 확장 속 진단 정밀도·환자 안전성 확보 과제 부각",local,2,적응증,,,0.10635740449285551,,0.2,0.10635740449285551,0.8067010988699931,0.0,1.3445018314499886,False
